,time,open,high,low,close,volume
0,2017-04-24,5.6,5.6,5.6,5.6,0
1,2017-04-25,5.6,5.6,5.6,5.6,0
2,2017-04-26,5.6,5.6,5.6,5.6,0
3,2017-04-27,5.6,5.6,5.6,5.6,0
4,2017-04-28,5.6,5.6,5.6,5.6,0
5,2017-05-03,5.6,5.6,5.6,5.6,0
6,2017-05-04,5.6,5.6,5.6,5.6,0
7,2017-05-05,5.6,5.6,5.6,5.6,0
8,2017-05-08,5.6,5.6,5.6,5.6,0
9,2017-05-09,5.6,5.6,5.6,5.6,0
10,2017-05-10,5.6,5.6,5.6,5.6,0
11,2017-05-11,5.6,5.6,5.6,5.6,0
12,2017-05-12,5.6,5.6,5.6,5.6,0
13,2017-05-15,5.6,5.6,5.6,5.6,0
14,2017-05-16,5.6,5.6,5.6,5.6,0
15,2017-05-17,5.6,5.6,5.6,5.6,0
16,2017-05-18,5.6,5.6,5.6,5.6,0
17,2017-05-19,5.6,5.6,5.6,5.6,0
18,2017-05-22,5.6,5.6,5.6,5.6,0
19,2017-05-23,5.6,5.6,5.6,5.6,0
20,2017-05-24,5.6,5.6,5.6,5.6,0
21,2017-05-25,5.6,5.6,5.6,5.6,0
22,2017-05-26,5.6,5.6,5.6,5.6,0
23,2017-05-29,5.6,5.6,5.6,5.6,0
24,2017-05-30,5.6,5.6,5.6,5.6,0
25,2017-05-31,5.6,5.6,5.6,5.6,0
26,2017-06-01,7.84,7.84,7.84,7.84,5000
27,2017-06-02,8.96,9.02,8.96,9.02,15500
28,2017-06-05,10.08,10.08,7.62,9.02,3100
29,2017-06-06,10.92,10.92,10.75,10.92,8500
30,2017-06-07,12.32,12.32,10.81,10.81,1900
31,2017-06-08,12.88,12.88,10.03,12.77,700
32,2017-06-09,10.25,13.16,10.25,11.26,15100
33,2017-06-12,9.63,11.76,9.63,11.76,200
34,2017-06-13,9.13,11.48,9.13,11.43,5000
35,2017-06-14,11.48,11.48,10.64,10.64,3500
36,2017-06-15,11.31,11.31,11.31,11.31,0
37,2017-06-16,9.86,9.86,9.8,9.8,400
38,2017-06-19,11.2,11.2,11.2,11.2,200
39,2017-06-20,9.52,11.2,9.52,11.2,11600
40,2017-06-21,11.2,11.2,11.2,11.2,0
41,2017-06-22,10.36,10.36,10.36,10.36,100
42,2017-06-23,10.36,10.36,10.36,10.36,1200
43,2017-06-26,10.36,10.36,10.36,10.36,100
44,2017-06-27,10.08,10.08,10.08,10.08,5000
45,2017-06-28,10.36,10.36,10.31,10.36,3000
46,2017-06-29,10.36,10.59,10.36,10.36,3500
47,2017-06-30,10.42,10.42,10.36,10.36,8200
48,2017-07-03,10.59,10.59,10.59,10.59,3500
49,2017-07-04,10.47,10.47,10.42,10.47,700
50,2017-07-05,10.42,10.42,10.42,10.42,100
51,2017-07-06,10.53,10.53,10.53,10.53,2500
52,2017-07-07,10.42,10.64,10.42,10.64,600
53,2017-07-10,10.47,10.47,10.47,10.47,0
54,2017-07-11,10.47,10.47,10.47,10.47,0
55,2017-07-12,10.47,10.47,10.47,10.47,0
56,2017-07-13,10.59,10.59,10.47,10.47,2400
57,2017-07-14,10.47,10.47,10.47,10.47,5000
58,2017-07-17,10.53,10.7,10.53,10.7,6400
59,2017-07-18,10.59,10.59,10.59,10.59,200
60,2017-07-19,10.53,10.64,10.53,10.59,16600
61,2017-07-20,10.53,10.53,10.53,10.53,700
62,2017-07-21,10.42,10.42,10.42,10.42,1000
63,2017-07-24,10.25,10.25,10.25,10.25,100
64,2017-07-25,10.19,10.19,10.19,10.19,1000
65,2017-07-26,10.19,10.19,10.19,10.19,2300
66,2017-07-27,10.19,10.19,10.19,10.19,0
67,2017-07-28,10.19,10.19,10.19,10.19,7400
68,2017-07-31,10.19,10.19,10.19,10.19,2000
69,2017-08-01,10.19,10.19,10.19,10.19,3000
70,2017-08-02,10.19,10.19,10.19,10.19,200
71,2017-08-03,10.19,10.19,10.19,10.19,800
72,2017-08-04,10.19,10.19,10.14,10.14,2200
73,2017-08-07,10.14,10.14,10.14,10.14,0
74,2017-08-08,10.14,10.14,10.14,10.14,1800
75,2017-08-09,10.19,10.19,10.19,10.19,700
76,2017-08-10,10.08,10.08,10.08,10.08,2000
77,2017-08-11,10.08,10.08,10.08,10.08,400
78,2017-08-14,9.8,9.8,9.52,9.52,700
79,2017-08-15,9.75,9.75,9.75,9.75,0
80,2017-08-16,9.75,9.75,9.75,9.75,0
81,2017-08-17,9.75,9.75,9.75,9.75,0
82,2017-08-18,9.52,9.52,9.52,9.52,600
83,2017-08-21,9.8,10.08,9.8,9.8,4500
84,2017-08-22,9.97,9.97,9.91,9.91,3000
85,2017-08-23,9.91,9.91,9.91,9.91,3000
86,2017-08-24,9.91,9.91,9.91,9.91,1000
87,2017-08-25,9.91,9.91,9.91,9.91,0
88,2017-08-28,9.8,9.8,9.8,9.8,5500
89,2017-08-29,9.8,9.8,9.8,9.8,0
90,2017-08-30,9.69,9.69,9.58,9.58,4000
91,2017-08-31,9.63,9.63,9.63,9.63,0
92,2017-09-01,9.63,9.63,9.63,9.63,0
93,2017-09-05,9.63,9.63,9.63,9.63,0
94,2017-09-06,9.63,9.63,9.63,9.63,0
95,2017-09-07,9.58,9.58,9.52,9.58,5600
96,2017-09-08,9.52,9.52,9.52,9.52,2000
97,2017-09-11,9.52,9.52,9.52,9.52,0
98,2017-09-12,9.52,9.52,9.52,9.52,0
99,2017-09-13,9.52,9.52,9.52,9.52,4500
100,2017-09-14,9.24,9.24,9.19,9.19,6000
101,2017-09-15,9.47,9.47,9.47,9.47,100
102,2017-09-18,9.47,9.47,9.47,9.47,300
103,2017-09-19,9.35,9.35,9.3,9.3,6900
104,2017-09-20,9.35,9.35,9.35,9.35,0
105,2017-09-21,9.35,9.35,9.35,9.35,0
106,2017-09-22,9.35,9.8,9.35,9.8,1800
107,2017-09-25,9.35,9.8,9.35,9.8,7600
108,2017-09-26,9.8,10.87,9.8,9.97,14100
109,2017-09-27,9.86,10.31,9.86,10.31,6000
110,2017-09-28,10.87,11.2,10.19,11.2,22800
111,2017-09-29,11.48,12.55,11.48,12.55,68053
112,2017-10-02,14.39,14.39,10.87,10.92,7100
113,2017-10-03,11.09,11.09,10.08,10.36,12100
114,2017-10-04,10.08,10.53,9.8,10.14,21000
115,2017-10-05,9.91,11.2,9.91,11.2,1206
116,2017-10-06,11.2,12.32,10.64,11.76,7847
117,2017-10-09,11.48,12.21,11.48,11.99,16800
118,2017-10-10,11.87,12.27,11.31,11.31,8000
119,2017-10-11,11.26,11.71,11.26,11.37,5954
120,2017-10-12,11.43,12.71,11.37,12.66,19426
121,2017-10-13,12.27,13.78,12.27,13.5,33100
122,2017-10-16,11.87,13.55,11.87,13.5,4000
123,2017-10-17,13.33,13.33,12.38,12.38,3106
124,2017-10-18,12.32,12.66,11.76,11.99,21200
125,2017-10-19,12.38,12.38,10.64,10.64,13900
126,2017-10-20,12.32,12.32,12.32,12.32,3900
127,2017-10-23,12.83,12.83,11.87,11.87,1500
128,2017-10-24,12.04,12.04,11.2,11.2,1600
129,2017-10-25,12.94,12.94,11.76,11.76,4400
130,2017-10-26,12.1,12.1,11.26,11.31,5400
131,2017-10-27,11.31,11.31,11.31,11.31,600
132,2017-10-30,11.31,11.43,11.2,11.43,7500
133,2017-10-31,11.2,11.2,11.2,11.2,947
134,2017-11-01,10.75,11.71,10.7,11.2,3600
135,2017-11-02,11.37,11.37,11.37,11.37,2700
136,2017-11-03,11.71,11.71,11.2,11.37,8000
137,2017-11-06,10.92,10.92,10.64,10.64,4200
138,2017-11-07,10.64,10.64,10.64,10.64,7300
139,2017-11-08,10.64,10.64,10.64,10.64,0
140,2017-11-09,10.64,10.64,10.64,10.64,1000
141,2017-11-10,10.64,10.64,10.64,10.64,0
142,2017-11-13,9.69,9.69,9.52,9.52,8300
143,2017-11-14,9.07,9.52,8.57,9.52,10700
144,2017-11-15,9.19,9.19,9.19,9.19,0
145,2017-11-16,9.8,9.8,9.75,9.75,200
146,2017-11-17,9.8,9.8,9.52,9.52,2800
147,2017-11-20,9.8,9.8,9.8,9.8,600
148,2017-11-21,9.8,9.8,9.8,9.8,10
149,2017-11-22,9.52,9.52,9.3,9.3,1000
150,2017-11-23,9.41,9.41,9.41,9.41,0
151,2017-11-24,9.52,9.52,9.52,9.52,800
152,2017-11-27,9.52,9.52,9.52,9.52,400
153,2017-11-28,9.52,9.52,9.52,9.52,0
154,2017-11-29,9.52,9.52,9.02,9.07,1654
155,2017-11-30,9.19,9.19,9.19,9.07,90
156,2017-12-01,9.19,9.19,9.19,9.19,0
157,2017-12-04,9.13,9.13,8.74,8.74,3500
158,2017-12-05,8.96,8.96,8.91,8.96,2700
159,2017-12-06,8.96,8.96,8.96,8.96,5000
160,2017-12-07,8.96,8.96,8.96,8.96,5000
161,2017-12-08,8.96,8.96,8.96,8.96,0
162,2017-12-11,8.96,8.96,8.96,8.96,1000
163,2017-12-12,8.96,8.96,8.4,8.4,1710
164,2017-12-13,8.63,8.63,8.63,8.63,0
165,2017-12-14,9.41,9.41,9.41,9.41,100
166,2017-12-15,9.41,9.41,9.41,9.41,0
167,2017-12-18,9.41,9.41,9.41,9.41,600
168,2017-12-19,9.41,9.41,9.41,9.41,0
169,2017-12-20,9.69,9.86,9.69,9.86,11600
170,2017-12-21,9.8,9.8,9.8,9.8,0
171,2017-12-22,9.8,9.8,9.8,9.8,0
172,2017-12-25,9.8,9.8,9.8,9.8,0
173,2017-12-26,9.8,9.8,9.8,9.8,0
174,2017-12-27,8.96,8.96,8.4,8.4,2000
175,2017-12-28,8.96,8.96,8.96,8.96,100
176,2017-12-29,9.52,9.52,9.02,9.02,2000
177,2018-01-02,9.24,9.24,9.24,9.24,1000
178,2018-01-03,8.96,8.96,8.96,8.96,300
179,2018-01-04,8.96,8.96,8.96,8.96,0
180,2018-01-05,8.96,9.13,8.96,9.13,1200
181,2018-01-08,8.96,9.02,8.96,9.02,2100
182,2018-01-09,9.02,9.02,9.02,9.02,4500
183,2018-01-10,9.02,9.07,9.02,9.07,5001
184,2018-01-11,9.02,9.52,9.02,9.52,4000
185,2018-01-12,9.3,9.35,9.24,9.35,14869
186,2018-01-15,9.3,9.3,9.3,9.3,0
187,2018-01-16,9.35,9.35,9.3,9.3,1600
188,2018-01-17,9.52,9.52,9.35,9.52,2600
189,2018-01-18,9.47,9.47,9.47,9.47,0
190,2018-01-19,9.8,9.86,9.69,9.69,5600
191,2018-01-22,9.75,9.75,9.75,9.75,0
192,2018-01-23,9.52,9.52,9.52,9.52,2400
193,2018-01-24,9.52,9.52,9.52,9.52,0
194,2018-01-25,9.52,9.52,9.52,9.52,6420
195,2018-01-26,9.8,9.86,9.8,9.8,2700
196,2018-01-29,9.8,9.8,9.8,9.8,1300
197,2018-01-30,9.8,9.8,9.8,9.8,0
198,2018-01-31,9.8,9.8,9.8,9.8,0
199,2018-02-01,9.52,9.52,9.52,9.52,7400
200,2018-02-02,10.31,10.31,10.31,10.31,500
201,2018-02-05,8.79,11.82,8.79,11.76,1100
202,2018-02-06,9.86,9.86,9.86,9.86,5900
203,2018-02-07,9.86,11.31,9.86,11.31,2600
204,2018-02-08,11.43,11.43,11.43,11.43,100
205,2018-02-09,9.75,11.15,9.75,11.09,800
206,2018-02-12,9.35,9.35,9.35,9.35,150
207,2018-02-13,9.35,9.35,9.35,9.35,0
208,2018-02-21,10.53,10.53,10.53,10.53,1100
209,2018-02-22,8.96,8.96,8.96,10.03,800
210,2018-02-23,10.36,10.87,10.36,10.87,500
211,2018-02-26,9.19,10.59,9.19,10.59,600
212,2018-02-27,10.7,10.7,10.7,10.7,601
213,2018-02-28,10.7,10.7,10.7,10.7,300
214,2018-03-01,9.13,11.2,9.13,11.2,800
215,2018-03-02,9.3,10.59,9.3,10.59,700
216,2018-03-05,10.25,10.25,10.25,10.25,0
217,2018-03-06,10.59,10.59,10.59,10.59,300
218,2018-03-07,9.52,9.52,9.52,9.52,1100
219,2018-03-08,9.52,9.52,9.52,9.52,0
220,2018-03-09,9.47,9.47,9.47,9.47,300
221,2018-03-12,9.52,10.87,9.52,10.08,21200
222,2018-03-13,10.47,12.04,10.47,12.04,19600
223,2018-03-14,13.39,13.44,13.39,13.44,33500
224,2018-03-15,15.46,15.46,13.44,15.12,57900
225,2018-03-16,14.56,15.12,14.56,15.01,31300
226,2018-03-19,15.12,15.4,15.01,15.01,14500
227,2018-03-20,15.01,15.07,12.83,12.94,7100
228,2018-03-21,12.83,14.39,12.27,12.27,6800
229,2018-03-22,12.32,12.88,11.2,12.88,3700
230,2018-03-23,13.33,13.33,13.33,13.33,100
231,2018-03-26,11.37,13.95,11.37,13.95,400
232,2018-03-27,11.2,11.76,11.2,11.76,200
233,2018-03-28,11.76,11.76,11.76,11.76,100
234,2018-03-29,11.76,11.76,11.76,11.76,200
235,2018-03-30,11.76,11.76,11.48,11.48,300
236,2018-04-02,11.59,11.59,11.59,11.59,0
237,2018-04-03,11.59,11.59,11.48,11.48,500
238,2018-04-04,11.48,12.27,11.2,12.27,600
239,2018-04-05,10.64,10.64,10.64,10.64,100
240,2018-04-06,11.71,11.71,11.71,11.71,100
241,2018-04-09,11.99,11.99,11.99,11.99,100
242,2018-04-10,11.99,11.99,11.99,11.99,0
243,2018-04-11,11.99,11.99,11.99,11.99,0
244,2018-04-12,10.25,10.25,10.25,10.25,100
245,2018-04-13,9.52,9.52,9.52,9.52,200
246,2018-04-16,9.52,9.52,9.52,9.52,0
247,2018-04-17,9.3,9.3,9.3,9.3,100
248,2018-04-18,9.3,9.3,9.3,9.3,0
249,2018-04-19,9.3,9.3,9.3,9.3,0
250,2018-04-20,9.3,9.3,9.3,9.3,0
251,2018-04-23,9.3,10.64,8.4,8.4,3300
252,2018-04-24,9.41,9.41,9.41,9.41,0
253,2018-04-26,9.41,9.41,9.41,9.41,0
254,2018-04-27,9.41,9.41,9.41,9.41,0
255,2018-05-02,9.3,9.3,9.3,9.3,200
256,2018-05-03,9.3,9.3,9.3,9.3,0
257,2018-05-04,9.3,9.3,9.3,9.3,0
258,2018-05-07,9.3,9.3,9.3,9.3,0
259,2018-05-08,9.3,9.3,9.3,9.3,0
260,2018-05-09,10.36,10.36,10.36,10.36,100
261,2018-05-10,8.91,9.52,8.91,9.07,4200
262,2018-05-11,9.19,9.19,9.19,9.19,0
263,2018-05-14,9.19,9.19,9.19,9.19,0
264,2018-05-15,9.19,9.19,9.19,9.19,0
265,2018-05-16,9.3,9.3,9.3,9.3,100
266,2018-05-17,10.03,10.03,10.03,10.03,200
267,2018-05-18,10.59,10.59,10.59,10.59,200
268,2018-05-21,9.07,9.8,9.07,9.24,2200
269,2018-05-22,9.24,9.24,9.24,9.24,1200
270,2018-05-23,9.24,9.24,9.24,9.24,0
271,2018-05-24,9.24,9.24,9.24,9.24,0
272,2018-05-25,9.24,9.24,9.24,9.24,0
273,2018-05-28,8.4,8.46,8.4,8.46,700
274,2018-05-29,8.46,8.46,8.46,8.46,0
275,2018-05-30,7.23,7.23,7.23,7.23,100
276,2018-05-31,8.29,8.29,8.29,8.29,100
277,2018-06-01,8.29,8.29,8.29,8.29,0
278,2018-06-04,7.11,8.4,7.11,8.4,800
279,2018-06-05,7.0,7.0,7.0,7.0,100
280,2018-06-06,7.28,7.28,7.28,7.28,1700
281,2018-06-07,6.27,8.35,6.27,8.35,500
282,2018-06-08,6.83,6.83,6.83,6.83,100
283,2018-06-11,5.94,6.83,5.94,6.83,3700
284,2018-06-12,7.62,7.62,7.62,7.62,600
285,2018-06-13,8.74,8.74,8.74,8.74,300
286,2018-06-14,9.91,9.91,9.91,9.91,500
287,2018-06-15,11.31,11.31,11.31,11.31,500
288,2018-06-18,11.31,11.31,11.31,11.31,0
289,2018-06-19,11.31,11.31,11.31,11.31,0
290,2018-06-20,11.31,11.31,11.31,11.31,0
291,2018-06-21,12.77,12.77,12.77,12.77,300
292,2018-06-22,12.77,12.77,12.77,12.77,0
293,2018-06-25,13.95,13.95,13.95,13.95,600
294,2018-06-26,13.95,13.95,13.95,13.95,0
295,2018-06-27,15.96,15.96,15.96,15.96,500
296,2018-06-28,15.96,15.96,15.96,15.96,0
297,2018-06-29,15.96,15.96,15.96,15.96,0
298,2018-07-02,15.96,15.96,15.96,15.96,0
299,2018-07-03,15.96,15.96,15.96,15.96,0
300,2018-07-04,15.96,15.96,15.96,15.96,0
301,2018-07-05,15.96,15.96,15.96,15.96,0
302,2018-07-06,13.61,13.61,13.61,13.61,100
303,2018-07-09,11.59,11.59,11.59,11.59,100
304,2018-07-10,9.86,9.86,9.86,9.86,100
305,2018-07-11,8.4,8.4,8.4,8.4,100
306,2018-07-12,7.17,7.17,7.17,7.17,100
307,2018-07-13,6.11,6.11,6.11,6.11,100
308,2018-07-16,6.11,6.11,6.11,6.11,0
309,2018-07-17,5.32,5.32,5.32,5.32,100
310,2018-07-18,5.32,5.32,5.32,5.32,0
311,2018-07-19,6.11,6.11,6.11,6.11,100
312,2018-07-20,6.95,6.95,6.95,6.95,100
313,2018-07-23,5.99,7.79,5.99,0.0,1100
314,2018-07-24,6.55,8.63,6.55,8.63,700
315,2018-07-25,7.17,9.35,7.17,9.35,800
316,2018-07-26,7.73,7.73,7.73,7.73,1000
317,2018-07-27,6.67,8.74,6.61,6.61,2400
318,2018-07-30,6.83,8.35,6.83,8.35,1100
319,2018-07-31,8.35,8.35,8.35,8.35,2200
320,2018-08-01,7.17,7.17,7.11,7.11,400
321,2018-08-02,6.11,8.12,6.11,8.12,600
322,2018-08-03,6.72,8.35,6.72,8.35,1100
323,2018-08-06,7.11,8.12,7.11,8.12,2300
324,2018-08-07,8.01,8.01,8.01,8.01,700
325,2018-08-08,8.01,8.01,8.01,8.01,700
326,2018-08-09,7.17,7.17,7.17,7.17,100
327,2018-08-10,7.95,7.95,7.9,7.9,700
328,2018-08-13,7.95,7.95,7.06,7.06,700
329,2018-08-14,7.06,7.79,7.06,7.79,600
330,2018-08-15,6.67,6.67,6.67,6.67,100
331,2018-08-16,7.51,7.51,7.45,7.45,9800
332,2018-08-17,6.55,7.73,6.55,7.73,600
333,2018-08-20,7.56,7.56,7.56,7.56,0
334,2018-08-21,7.56,7.56,7.56,7.56,0
335,2018-08-22,6.5,7.28,6.5,7.28,600
336,2018-08-23,6.44,7.06,6.44,7.06,500
337,2018-08-24,7.23,7.23,7.23,7.23,800
338,2018-08-27,6.22,7.79,6.22,6.33,900
339,2018-08-28,7.28,8.51,7.28,8.51,1900
340,2018-08-29,8.12,9.24,8.12,9.24,1393
341,2018-08-30,10.03,10.14,8.51,10.03,1700
342,2018-08-31,8.07,10.59,8.01,8.01,6600
343,2018-09-04,9.63,9.63,9.63,9.63,600
344,2018-09-05,8.29,10.47,8.29,10.36,1200
345,2018-09-06,8.74,8.74,8.74,8.74,1000
346,2018-09-07,9.83,9.83,9.83,9.83,100
347,2018-09-10,8.4,8.4,8.4,8.4,2900
348,2018-09-11,7.37,7.37,7.17,7.17,500
349,2018-09-12,6.28,6.28,6.28,6.28,100
350,2018-09-13,7.17,7.17,7.17,7.17,100
351,2018-09-14,7.24,7.51,7.24,7.51,300
352,2018-09-17,7.37,7.37,7.37,7.37,0
353,2018-09-18,7.78,7.78,7.78,7.78,3000
354,2018-09-19,7.51,7.78,7.51,7.78,500
355,2018-09-20,6.83,6.83,6.83,6.83,100
356,2018-09-21,7.51,7.51,7.51,7.51,1000
357,2018-09-24,6.49,6.89,6.49,6.89,200
358,2018-09-25,7.44,7.65,7.44,7.65,4530
359,2018-09-26,7.51,7.51,7.51,7.51,550
360,2018-09-27,7.92,7.92,7.85,7.85,3809
361,2018-09-28,8.19,8.19,7.92,7.92,10800
362,2018-10-01,7.99,8.19,7.78,7.92,48000
363,2018-10-02,7.92,7.92,7.92,7.92,2300
364,2018-10-03,7.92,7.92,7.51,7.78,4000
365,2018-10-04,7.71,7.71,7.51,7.58,18300
366,2018-10-05,7.92,7.92,7.92,7.92,4100
367,2018-10-08,9.01,9.01,9.01,9.01,100
368,2018-10-09,8.06,8.06,8.06,8.06,100
369,2018-10-10,8.74,8.74,8.74,8.74,300
370,2018-10-11,8.74,8.74,7.51,7.51,5800
371,2018-10-12,8.67,8.67,8.67,8.67,100
372,2018-10-15,7.58,7.58,7.58,7.58,100
373,2018-10-16,7.58,7.58,7.58,7.58,0
374,2018-10-17,7.65,7.65,7.65,7.65,1000
375,2018-10-18,7.65,7.65,7.65,7.65,0
376,2018-10-19,8.26,8.26,8.26,8.26,100
377,2018-10-22,8.19,8.19,7.3,7.3,900
378,2018-10-23,7.37,7.37,7.37,7.37,100
379,2018-10-24,7.37,7.37,7.37,7.37,0
380,2018-10-25,7.37,7.37,7.37,7.37,0
381,2018-10-26,7.37,7.37,7.37,7.37,0
382,2018-10-29,7.37,7.37,7.37,7.37,0
383,2018-10-30,6.28,6.28,6.28,6.28,100
384,2018-10-31,6.49,7.17,6.49,7.17,800
385,2018-11-01,6.49,7.17,6.49,7.17,800
386,2018-11-02,6.69,6.69,6.69,6.69,100
387,2018-11-05,7.65,7.65,7.65,7.65,500
388,2018-11-06,7.65,7.65,7.65,7.65,1100
389,2018-11-07,7.65,7.65,7.65,7.65,0
390,2018-11-08,7.65,7.65,7.65,7.65,600
391,2018-11-09,7.65,7.65,7.65,7.65,0
392,2018-11-12,6.89,6.89,6.89,6.89,100
393,2018-11-13,6.89,6.89,6.89,6.89,0
394,2018-11-14,6.89,6.89,6.89,6.89,0
395,2018-11-15,5.87,7.65,5.87,7.65,200
396,2018-11-16,6.28,6.28,6.28,6.28,100
397,2018-11-19,6.28,6.28,6.28,6.28,0
398,2018-11-20,6.28,6.28,6.28,6.28,0
399,2018-11-21,6.83,6.83,6.83,6.83,100
400,2018-11-22,6.83,6.83,6.83,6.83,0
401,2018-11-23,6.83,6.83,6.83,6.83,0
402,2018-11-26,6.83,6.83,6.83,6.83,0
403,2018-11-27,6.83,6.83,6.83,6.83,0
404,2018-11-28,6.83,6.83,6.83,6.83,0
405,2018-11-29,6.83,6.83,6.83,6.83,0
406,2018-11-30,6.28,6.28,6.28,6.28,100
407,2018-12-03,6.28,6.28,6.28,6.28,0
408,2018-12-04,6.28,6.28,6.28,6.28,0
409,2018-12-05,6.83,7.17,6.83,7.17,300
410,2018-12-06,7.03,7.17,7.17,7.17,0
411,2018-12-07,7.3,7.3,7.3,7.3,1000
412,2018-12-10,7.3,7.44,7.17,7.17,3000
413,2018-12-11,7.44,7.17,7.17,7.17,0
414,2018-12-12,7.44,7.17,7.17,7.17,0
415,2018-12-13,6.55,6.55,6.55,6.55,100
416,2018-12-14,6.49,6.49,6.49,6.49,100
417,2018-12-17,6.49,6.49,6.49,6.49,0
418,2018-12-18,6.49,6.49,6.49,6.49,0
419,2018-12-19,6.49,6.49,6.49,6.49,0
420,2018-12-20,7.17,7.17,7.17,7.17,900
421,2018-12-21,7.17,7.17,7.17,7.17,0
422,2018-12-24,7.17,7.17,7.17,7.17,100
423,2018-12-25,7.17,7.17,7.17,7.17,0
424,2018-12-26,7.17,7.17,7.17,7.17,0
425,2018-12-27,7.17,7.17,7.17,7.17,0
426,2018-12-28,7.17,7.17,7.17,7.17,0
427,2019-01-02,7.17,7.17,7.17,7.17,0
428,2019-01-03,7.17,7.17,7.17,7.17,0
429,2019-01-04,7.17,7.17,7.17,7.17,5000
430,2019-01-07,7.17,7.17,7.17,7.17,0
431,2019-01-08,7.17,7.17,7.17,7.17,0
432,2019-01-09,6.21,6.21,6.21,6.21,100
433,2019-01-10,7.1,7.1,7.1,7.1,200
434,2019-01-11,7.17,7.17,7.17,7.17,5400
435,2019-01-14,7.17,7.17,7.17,7.17,7200
436,2019-01-15,7.17,7.17,7.17,7.17,4900
437,2019-01-16,7.17,7.17,7.17,7.17,1000
438,2019-01-17,7.17,7.17,7.17,7.17,200
439,2019-01-18,7.24,7.24,7.17,7.17,12700
440,2019-01-21,7.17,7.17,7.17,7.17,10
441,2019-01-22,7.17,7.17,7.17,7.17,0
442,2019-01-23,7.17,7.17,7.17,7.17,25200
443,2019-01-24,7.17,7.17,7.17,7.17,3000
444,2019-01-25,7.17,7.17,7.17,7.17,0
445,2019-01-28,7.17,7.17,7.17,7.17,0
446,2019-01-29,7.17,7.17,7.17,7.17,0
447,2019-01-30,7.17,7.17,7.17,7.17,0
448,2019-01-31,7.17,7.17,7.17,7.17,0
449,2019-02-01,7.17,7.17,7.17,7.17,0
450,2019-02-11,7.17,7.17,7.17,7.17,0
451,2019-02-12,7.17,7.17,7.17,7.17,8200
452,2019-02-13,7.17,7.17,7.17,7.17,5000
453,2019-02-14,7.17,7.17,7.17,7.17,0
454,2019-02-15,7.17,7.17,7.17,7.17,301
455,2019-02-18,7.17,7.17,7.17,7.17,0
456,2019-02-19,7.17,7.17,7.17,7.17,300
457,2019-02-20,7.17,7.17,7.17,7.17,100
458,2019-02-21,7.17,7.17,7.17,7.17,11000
459,2019-02-22,7.17,7.17,7.17,7.17,4200
460,2019-02-25,7.17,7.17,7.17,7.17,16000
461,2019-02-26,7.17,7.17,7.17,7.17,0
462,2019-02-27,7.17,7.17,7.17,7.17,0
463,2019-02-28,7.17,7.17,7.17,7.17,0
464,2019-03-01,7.17,7.17,7.17,7.17,0
465,2019-03-04,7.17,7.17,7.17,7.17,0
466,2019-03-05,7.17,7.17,7.17,7.17,0
467,2019-03-06,7.51,7.51,7.51,7.51,20000
468,2019-03-07,7.51,7.51,7.51,7.51,0
469,2019-03-08,7.17,7.24,7.17,7.17,100000
470,2019-03-11,7.17,7.17,7.17,7.17,0
471,2019-03-12,7.17,7.17,7.17,7.17,0
472,2019-03-13,7.17,7.17,7.17,7.17,0
473,2019-03-14,7.17,7.17,7.17,7.17,0
474,2019-03-15,7.17,7.17,7.17,7.17,0
475,2019-03-18,7.17,7.17,7.17,7.17,0
476,2019-03-19,7.51,7.51,7.51,7.51,1000
477,2019-03-20,7.51,8.6,7.51,8.6,1800
478,2019-03-21,8.12,8.6,8.6,8.6,0
479,2019-03-22,8.12,8.6,8.6,8.6,0
480,2019-03-25,8.12,8.6,8.6,8.6,0
481,2019-03-26,8.12,8.6,8.6,8.6,0
482,2019-03-27,8.12,8.6,8.6,8.6,0
483,2019-03-28,8.12,8.6,8.6,8.6,0
484,2019-03-29,8.12,8.6,8.6,8.6,0
485,2019-04-01,8.12,8.6,8.6,8.6,0
486,2019-04-02,8.12,8.6,8.6,8.6,0
487,2019-04-03,8.12,8.6,8.6,8.6,0
488,2019-04-04,8.46,8.46,8.46,8.46,1000
489,2019-04-05,7.51,7.51,7.51,7.51,700
490,2019-04-08,7.51,7.51,7.51,7.51,0
491,2019-04-09,7.51,7.51,7.51,7.51,0
492,2019-04-10,7.51,7.51,7.51,7.51,0
493,2019-04-11,7.51,7.51,7.51,7.51,0
494,2019-04-12,7.51,7.51,7.51,7.51,0
495,2019-04-16,7.51,7.51,7.51,7.51,0
496,2019-04-17,7.51,7.51,7.51,7.51,0
497,2019-04-18,7.51,7.51,7.51,7.51,0
498,2019-04-19,7.51,7.51,7.51,7.51,0
499,2019-04-22,7.51,7.51,7.51,7.51,0
500,2019-04-23,7.17,7.44,7.17,7.44,14900
501,2019-04-24,7.3,7.3,7.3,7.3,1300
502,2019-04-25,7.3,7.3,7.3,7.3,0
503,2019-04-26,7.3,7.3,7.3,7.3,0
504,2019-05-02,7.3,7.3,7.3,7.3,0
505,2019-05-03,7.3,7.3,7.3,7.3,0
506,2019-05-06,7.3,7.3,7.3,7.3,0
507,2019-05-07,7.3,7.3,7.3,7.3,0
508,2019-05-08,7.3,7.3,7.3,7.3,0
509,2019-05-09,7.3,7.3,7.3,7.3,46
510,2019-05-10,7.3,7.3,7.3,7.3,0
511,2019-05-13,7.51,7.51,7.51,7.51,700
512,2019-05-14,7.51,7.51,7.51,7.51,0
513,2019-05-15,7.51,7.51,7.51,7.51,0
514,2019-05-16,7.51,7.51,7.51,7.51,0
515,2019-05-17,7.51,7.51,7.51,7.51,0
516,2019-05-20,7.51,7.51,7.51,7.51,0
517,2019-05-21,6.62,6.62,6.62,6.62,100
518,2019-05-22,6.62,6.62,6.62,6.62,0
519,2019-05-23,6.62,6.62,6.62,6.62,0
520,2019-05-24,5.87,5.87,5.87,5.87,100
521,2019-05-27,5.87,5.87,5.87,5.87,0
522,2019-05-28,5.87,5.87,5.87,5.87,58
523,2019-05-29,5.87,5.87,5.87,5.87,36
524,2019-05-30,6.69,6.69,6.69,6.69,300
525,2019-05-31,6.69,6.69,6.69,6.69,0
526,2019-06-03,6.69,6.69,6.69,6.69,0
527,2019-06-04,6.69,6.69,6.69,6.69,0
528,2019-06-05,6.69,6.69,6.69,6.69,0
529,2019-06-06,6.69,6.69,6.69,6.69,0
530,2019-06-07,6.69,6.69,6.69,6.69,0
531,2019-06-10,6.08,6.08,6.08,6.08,100
532,2019-06-11,6.08,6.08,6.08,6.08,4
533,2019-06-12,6.08,6.08,6.08,6.08,0
534,2019-06-13,6.08,6.08,6.08,6.08,4
535,2019-06-14,6.08,6.08,6.08,6.08,0
536,2019-06-17,6.08,6.08,6.08,6.08,0
537,2019-06-18,6.08,6.08,6.08,6.08,0
538,2019-06-19,6.08,6.08,6.08,6.08,0
539,2019-06-20,5.67,5.67,5.67,5.67,100
540,2019-06-21,5.67,5.67,5.67,5.67,0
541,2019-06-24,5.67,5.67,5.67,5.67,0
542,2019-06-25,5.67,5.67,5.67,5.67,0
543,2019-06-26,6.49,6.49,6.49,6.49,100
544,2019-06-27,6.49,6.49,6.49,6.49,0
545,2019-06-28,7.44,7.44,7.44,7.44,100
546,2019-07-01,7.44,7.44,7.44,7.44,0
547,2019-07-02,7.44,7.44,7.44,7.44,0
548,2019-07-03,8.53,8.53,8.53,8.53,100
549,2019-07-04,9.69,9.69,9.69,8.53,100
550,2019-07-05,10.92,10.92,10.92,10.92,100
551,2019-07-08,10.92,10.92,10.92,10.92,0
552,2019-07-09,10.92,10.92,10.92,10.92,0
553,2019-07-10,10.92,10.92,10.92,10.92,0
554,2019-07-11,10.92,10.92,10.92,10.92,0
555,2019-07-12,10.92,10.92,10.92,10.92,0
556,2019-07-15,12.56,12.56,12.56,12.56,100
557,2019-07-16,14.4,14.4,14.4,14.4,100
558,2019-07-17,14.4,14.4,14.4,14.4,0
559,2019-07-18,14.4,14.4,14.4,14.4,0
560,2019-07-19,15.63,15.63,15.63,15.63,100
561,2019-07-22,15.63,15.63,15.63,15.63,0
562,2019-07-23,15.63,15.63,15.63,15.63,0
563,2019-07-24,15.63,15.63,15.63,15.63,0
564,2019-07-25,15.63,15.63,15.63,15.63,0
565,2019-07-26,15.63,15.63,15.63,15.63,0
566,2019-07-29,15.63,15.63,15.63,15.63,0
567,2019-07-30,15.63,15.63,15.63,15.63,0
568,2019-07-31,15.63,15.63,15.63,15.63,0
569,2019-08-01,15.63,15.63,15.63,15.63,0
570,2019-08-02,15.63,15.63,15.63,15.63,0
571,2019-08-05,15.63,15.63,15.63,15.63,0
572,2019-08-06,15.63,15.63,15.63,15.63,0
573,2019-08-07,15.63,15.63,15.63,15.63,0
574,2019-08-08,15.63,15.63,15.63,15.63,0
575,2019-08-09,15.63,15.63,15.63,15.63,0
576,2019-08-12,15.63,15.63,15.63,15.63,0
577,2019-08-13,15.63,15.63,15.63,15.63,0
578,2019-08-14,15.63,15.63,15.63,15.63,0
579,2019-08-15,15.63,15.63,15.63,15.63,0
580,2019-08-16,15.63,15.63,15.63,15.63,0
581,2019-08-19,15.63,15.63,15.63,15.63,100
582,2019-08-20,15.63,15.63,15.63,15.63,20
583,2019-08-21,15.63,15.63,15.63,15.63,20
584,2019-08-22,15.63,15.63,15.63,15.63,0
585,2019-08-23,15.63,15.63,15.63,15.63,0
586,2019-08-26,15.63,15.63,15.63,15.63,0
587,2019-08-27,9.42,9.42,9.42,9.42,28000
588,2019-08-28,8.19,8.19,8.19,8.19,500
589,2019-08-29,8.19,8.19,8.19,8.19,0
590,2019-08-30,8.19,8.19,8.19,8.19,0
591,2019-09-03,8.19,8.19,8.19,8.19,0
592,2019-09-04,8.19,8.19,8.19,8.19,0
593,2019-09-05,8.19,8.19,8.19,8.19,0
594,2019-09-06,8.19,8.19,8.19,8.19,0
595,2019-09-09,8.19,8.19,8.19,8.19,10
596,2019-09-10,8.19,8.19,8.19,8.19,0
597,2019-09-11,8.19,8.19,8.19,8.19,0
598,2019-09-12,8.19,8.19,8.19,8.19,0
599,2019-09-13,8.19,8.19,8.19,8.19,0
600,2019-09-16,8.19,8.19,8.19,8.19,0
601,2019-09-17,8.19,8.19,8.19,8.19,0
602,2019-09-18,8.19,8.19,8.19,8.19,0
603,2019-09-19,8.19,8.19,8.19,8.19,0
604,2019-09-20,8.19,8.19,8.19,8.19,0
605,2019-09-23,8.19,8.19,8.19,8.19,0
606,2019-09-24,8.19,8.19,8.19,8.19,0
607,2019-09-25,8.19,8.19,8.19,8.19,0
608,2019-09-26,7.51,7.51,7.51,7.51,3500
609,2019-09-27,7.51,7.51,7.51,7.51,0
610,2019-09-30,7.51,7.51,7.51,7.51,0
611,2019-10-01,7.51,7.51,7.51,7.51,0
612,2019-10-02,7.51,7.51,7.51,7.51,0
613,2019-10-03,7.51,7.51,7.51,7.51,0
614,2019-10-04,7.51,7.51,7.51,7.51,0
615,2019-10-07,7.51,7.51,7.51,7.51,0
616,2019-10-08,7.51,7.51,7.51,7.51,0
617,2019-10-09,7.51,7.51,7.51,7.51,0
618,2019-10-10,7.51,7.51,7.51,7.51,0
619,2019-10-11,7.51,7.51,7.51,7.51,0
620,2019-10-14,7.51,7.51,7.51,7.51,0
621,2019-10-15,7.51,7.51,7.51,7.51,0
622,2019-10-16,7.51,7.51,7.51,7.51,0
623,2019-10-17,7.51,7.51,7.51,7.51,0
624,2019-10-18,7.51,7.51,7.51,7.51,0
625,2019-10-21,7.51,7.51,7.51,7.51,0
626,2019-10-22,7.51,7.51,7.51,7.51,0
627,2019-10-23,7.51,7.51,7.51,7.51,0
628,2019-10-24,7.58,7.58,7.58,7.58,900
629,2019-10-25,7.58,7.58,7.58,7.58,0
630,2019-10-28,7.58,7.58,7.58,7.58,0
631,2019-10-29,7.58,7.58,7.58,7.58,0
632,2019-10-30,7.58,7.58,7.58,7.58,0
633,2019-10-31,7.58,7.58,7.58,7.58,0
634,2019-11-01,7.58,7.58,7.58,7.58,0
635,2019-11-04,7.58,7.58,7.58,7.58,0
636,2019-11-05,7.58,7.58,7.58,7.58,0
637,2019-11-06,7.58,7.58,7.58,7.58,0
638,2019-11-07,7.58,7.58,7.58,7.58,0
639,2019-11-08,7.58,7.58,7.58,7.58,0
640,2019-11-11,7.58,7.58,7.58,7.58,0
641,2019-11-12,7.58,7.58,7.58,7.58,0
642,2019-11-13,7.58,7.58,7.58,7.58,0
643,2019-11-14,7.58,7.58,7.58,7.58,0
644,2019-11-15,7.58,7.58,7.58,7.58,0
645,2019-11-18,7.58,7.58,7.58,7.58,0
646,2019-11-19,7.58,7.58,7.58,7.58,0
647,2019-11-20,7.58,7.58,7.58,7.58,0
648,2019-11-21,7.58,7.58,7.58,7.58,0
649,2019-11-22,7.58,7.58,7.58,7.58,0
650,2019-11-25,7.58,7.58,7.58,7.58,0
651,2019-11-26,7.58,7.58,7.58,7.58,0
652,2019-11-27,7.58,7.58,7.58,7.58,0
653,2019-11-28,7.58,7.58,7.58,7.58,0
654,2019-11-29,7.58,7.58,7.58,7.58,0
655,2019-12-02,7.58,7.58,7.58,7.58,0
656,2019-12-03,7.58,7.58,7.58,7.58,0
657,2019-12-04,7.58,7.58,7.58,7.58,0
658,2019-12-05,7.58,7.58,7.58,7.58,0
659,2019-12-06,7.58,7.58,7.58,7.58,0
660,2019-12-09,7.58,7.58,7.58,7.58,0
661,2019-12-10,7.58,7.58,7.58,7.58,0
662,2019-12-11,7.58,7.58,7.58,7.58,0
663,2019-12-12,7.58,7.58,7.58,7.58,0
664,2019-12-13,7.58,7.58,7.58,7.58,0
665,2019-12-16,7.58,7.58,7.58,7.58,0
666,2019-12-17,7.58,7.58,7.58,7.58,0
667,2019-12-18,7.58,7.58,7.58,7.58,0
668,2019-12-19,7.58,7.58,7.58,7.58,0
669,2019-12-20,7.58,7.58,7.58,7.58,0
670,2019-12-23,7.58,7.58,7.58,7.58,0
671,2019-12-24,7.58,7.58,7.58,7.58,0
672,2019-12-25,7.58,7.58,7.58,7.58,0
673,2019-12-26,7.58,7.58,7.58,7.58,0
674,2019-12-27,7.58,7.58,7.58,7.58,0
675,2019-12-30,7.58,7.58,7.58,7.58,0
676,2019-12-31,7.58,7.58,7.58,7.58,0
677,2020-01-02,7.58,7.58,7.58,7.58,0
678,2020-01-03,7.58,7.58,7.58,7.58,0
679,2020-01-06,7.58,7.58,7.58,7.58,0
680,2020-01-07,10.58,10.58,10.58,10.58,100
681,2020-01-08,10.58,10.58,10.58,10.58,0
682,2020-01-09,10.58,10.58,10.58,10.58,0
683,2020-01-10,10.58,10.58,10.58,10.58,0
684,2020-01-13,10.58,10.58,10.58,10.58,0
685,2020-01-14,10.58,10.58,10.58,10.58,0
686,2020-01-15,10.58,10.58,10.58,10.58,0
687,2020-01-16,10.58,10.58,10.58,10.58,0
688,2020-01-17,10.58,10.58,10.58,10.58,0
689,2020-01-20,10.58,10.58,10.58,10.58,0
690,2020-01-21,10.58,10.58,10.58,10.58,0
691,2020-01-22,10.58,10.58,10.58,10.58,0
692,2020-01-30,10.58,10.58,10.58,10.58,0
693,2020-01-31,10.58,10.58,10.58,10.58,0
694,2020-02-03,10.58,10.58,10.58,10.58,0
695,2020-02-04,10.58,10.58,10.58,10.58,0
696,2020-02-05,10.58,10.58,10.58,10.58,0
697,2020-02-06,10.58,10.58,10.58,10.58,0
698,2020-02-07,10.58,10.58,10.58,10.58,0
699,2020-02-10,10.58,10.58,10.58,10.58,0
700,2020-02-11,10.58,10.58,10.58,10.58,4
701,2020-02-12,10.58,10.58,10.58,10.58,0
702,2020-02-13,10.58,10.58,10.58,10.58,0
703,2020-02-14,10.58,10.58,10.58,10.58,0
704,2020-02-17,10.58,10.58,10.58,10.58,0
705,2020-02-18,10.58,10.58,10.58,10.58,0
706,2020-02-19,10.58,10.58,10.58,10.58,0
707,2020-02-20,10.58,10.58,10.58,10.58,0
708,2020-02-21,10.58,10.58,10.58,10.58,0
709,2020-02-24,10.58,10.58,10.58,10.58,0
710,2020-02-25,14.81,14.81,14.81,14.81,100
711,2020-02-26,14.81,14.81,14.81,14.81,0
712,2020-02-27,14.81,14.81,14.81,14.81,0
713,2020-02-28,14.81,14.81,14.81,14.81,0
714,2020-03-02,14.81,14.81,14.81,14.81,0
715,2020-03-03,14.81,14.81,14.81,14.81,0
716,2020-03-04,14.81,14.81,14.81,14.81,0
717,2020-03-05,14.81,14.81,14.81,14.81,0
718,2020-03-06,14.81,14.81,14.81,14.81,0
719,2020-03-09,14.81,14.81,14.81,14.81,0
720,2020-03-10,14.81,14.81,14.81,14.81,0
721,2020-03-11,14.81,14.81,14.81,14.81,0
722,2020-03-12,14.81,14.81,14.81,14.81,0
723,2020-03-13,14.81,14.81,14.81,14.81,0
724,2020-03-16,14.81,14.81,14.81,14.81,0
725,2020-03-17,14.81,14.81,14.81,14.81,0
726,2020-03-18,14.81,14.81,14.81,14.81,0
727,2020-03-19,14.81,14.81,14.81,14.81,0
728,2020-03-20,14.81,14.81,14.81,14.81,0
729,2020-03-23,14.81,14.81,14.81,14.81,0
730,2020-03-24,14.81,14.81,14.81,14.81,0
731,2020-03-25,14.81,14.81,14.81,14.81,0
732,2020-03-26,14.81,14.81,14.81,14.81,0
733,2020-03-27,14.81,14.81,14.81,14.81,0
734,2020-03-30,14.81,14.81,14.81,14.81,0
735,2020-03-31,14.81,14.81,14.81,14.81,0
736,2020-04-01,14.81,14.81,14.81,14.81,0
737,2020-04-03,14.81,14.81,14.81,14.81,0
738,2020-04-06,14.81,14.81,14.81,14.81,0
739,2020-04-07,14.81,14.81,14.81,14.81,0
740,2020-04-08,14.81,14.81,14.81,14.81,0
741,2020-04-09,14.81,14.81,14.81,14.81,0
742,2020-04-10,14.81,14.81,14.81,14.81,0
743,2020-04-13,14.81,14.81,14.81,14.81,0
744,2020-04-14,14.81,14.81,14.81,14.81,0
745,2020-04-15,14.81,14.81,14.81,14.81,0
746,2020-04-16,14.81,14.81,14.81,14.81,0
747,2020-04-17,14.81,14.81,14.81,14.81,0
748,2020-04-20,14.81,14.81,14.81,14.81,0
749,2020-04-21,14.81,14.81,14.81,14.81,0
750,2020-04-22,14.81,14.81,14.81,14.81,0
751,2020-04-23,14.81,14.81,14.81,14.81,0
752,2020-04-24,14.81,14.81,14.81,14.81,0
753,2020-04-27,14.81,14.81,14.81,14.81,0
754,2020-04-28,14.81,14.81,14.81,14.81,0
755,2020-04-29,14.81,14.81,14.81,14.81,0
756,2020-05-04,14.81,14.81,14.81,14.81,0
757,2020-05-05,14.81,14.81,14.81,14.81,0
758,2020-05-06,10.24,10.24,10.24,10.24,100
759,2020-05-07,10.24,10.24,10.24,10.24,0
760,2020-05-08,10.24,10.24,10.24,10.24,0
761,2020-05-11,10.24,10.24,10.24,10.24,0
762,2020-05-12,10.24,10.24,10.24,10.24,0
763,2020-05-13,10.24,10.24,10.24,10.24,0
764,2020-05-14,10.24,10.24,10.24,10.24,0
765,2020-05-15,10.24,10.24,10.24,10.24,0
766,2020-05-18,10.24,10.24,10.24,10.24,0
767,2020-05-19,10.24,10.24,10.24,10.24,0
768,2020-05-20,10.24,10.24,10.24,10.24,0
769,2020-05-21,10.24,10.24,10.24,10.24,0
770,2020-05-22,10.24,10.24,10.24,10.24,0
771,2020-05-25,10.24,10.24,10.24,10.24,0
772,2020-05-26,10.24,10.24,10.24,10.24,0
773,2020-05-27,10.24,10.24,10.24,10.24,0
774,2020-05-28,10.24,10.24,10.24,10.24,0
775,2020-05-29,10.24,10.24,10.24,10.24,0
776,2020-06-01,10.24,10.24,10.24,10.24,0
777,2020-06-02,10.24,10.24,10.24,10.24,0
778,2020-06-03,10.24,10.24,10.24,10.24,0
779,2020-06-04,10.24,10.24,10.24,10.24,0
780,2020-06-05,10.24,10.24,10.24,10.24,0
781,2020-06-08,10.24,10.24,10.24,10.24,0
782,2020-06-09,10.24,10.24,10.24,10.24,0
783,2020-06-10,10.24,10.24,10.24,10.24,0
784,2020-06-11,10.24,10.24,10.24,10.24,0
785,2020-06-12,10.24,10.24,10.24,10.24,0
786,2020-06-15,10.24,10.24,10.24,10.24,0
787,2020-06-16,10.24,10.24,10.24,10.24,0
788,2020-06-17,10.24,10.24,10.24,10.24,0
789,2020-06-18,10.24,10.24,10.24,10.24,0
790,2020-06-19,10.24,10.24,10.24,10.24,0
791,2020-06-22,10.24,10.24,10.24,10.24,0
792,2020-06-23,10.24,10.24,10.24,10.24,0
793,2020-06-24,10.24,10.24,10.24,10.24,0
794,2020-06-25,10.24,10.24,10.24,10.24,0
795,2020-06-26,10.24,10.24,10.24,10.24,0
796,2020-06-29,10.24,10.24,10.24,10.24,0
797,2020-06-30,10.24,10.24,10.24,10.24,0
798,2020-07-01,10.24,10.24,10.24,10.24,0
799,2020-07-02,10.24,10.24,10.24,10.24,0
800,2020-07-03,10.24,10.24,10.24,10.24,0
801,2020-07-06,10.24,10.24,10.24,10.24,0
802,2020-07-07,10.24,10.24,10.24,10.24,0
803,2020-07-08,10.24,10.24,10.24,10.24,0
804,2020-07-09,10.24,10.24,10.24,10.24,0
805,2020-07-10,10.24,10.24,10.24,10.24,0
806,2020-07-13,10.24,10.24,10.24,10.24,0
807,2020-07-14,10.24,10.24,10.24,10.24,0
808,2020-07-15,10.24,10.24,10.24,10.24,0
809,2020-07-16,10.24,10.24,10.24,10.24,0
810,2020-07-17,10.24,10.24,10.24,10.24,0
811,2020-07-20,10.24,10.24,10.24,10.24,0
812,2020-07-21,10.24,10.24,10.24,10.24,0
813,2020-07-22,10.24,10.24,10.24,10.24,0
814,2020-07-23,10.24,10.24,10.24,10.24,0
815,2020-07-24,10.24,10.24,10.24,10.24,0
816,2020-07-27,10.24,10.24,10.24,10.24,0
817,2020-07-28,10.24,10.24,10.24,10.24,0
818,2020-07-29,10.24,10.24,10.24,10.24,0
819,2020-07-30,10.24,10.24,10.24,10.24,0
820,2020-07-31,10.24,10.24,10.24,10.24,0
821,2020-08-03,10.24,10.24,10.24,10.24,0
822,2020-08-04,10.24,10.24,10.24,10.24,0
823,2020-08-05,10.24,10.24,10.24,10.24,0
824,2020-08-06,10.24,10.24,10.24,10.24,0
825,2020-08-07,10.24,10.24,10.24,10.24,0
826,2020-08-10,10.24,10.24,10.24,10.24,0
827,2020-08-11,10.24,10.24,10.24,10.24,0
828,2020-08-12,10.24,10.24,10.24,10.24,0
829,2020-08-13,10.24,10.24,10.24,10.24,0
830,2020-08-14,10.24,10.24,10.24,10.24,0
831,2020-08-17,10.24,10.24,10.24,10.24,0
832,2020-08-18,10.24,10.24,10.24,10.24,0
833,2020-08-19,10.24,10.97,10.97,10.97,0
834,2020-08-20,6.73,6.73,6.73,6.73,500
835,2020-08-21,6.73,6.73,5.78,5.78,46100
836,2020-08-24,5.78,5.78,5.78,5.78,46100
837,2020-08-25,6.58,6.58,5.92,5.92,71100
838,2020-08-26,6.0,6.8,5.92,6.8,64890
839,2020-08-27,6.8,6.8,6.22,6.22,59600
840,2020-08-28,6.29,6.29,6.29,6.29,26500
841,2020-08-31,6.29,6.73,6.29,6.73,40700
842,2020-09-01,7.31,7.31,7.31,7.31,5690
843,2020-09-03,8.41,8.41,6.66,6.66,34110
844,2020-09-04,6.66,6.66,6.58,6.58,1000
845,2020-09-07,6.29,6.44,6.29,6.44,128900
846,2020-09-08,6.95,6.95,6.95,6.95,110
847,2020-09-09,6.95,6.95,6.95,6.95,0
848,2020-09-10,6.95,6.95,6.95,6.95,900
849,2020-09-11,6.95,6.95,6.95,6.95,1000
850,2020-09-14,6.95,7.9,6.95,7.9,300
851,2020-09-15,7.68,7.68,7.68,7.68,300
852,2020-09-16,7.68,7.68,7.68,7.68,0
853,2020-09-17,7.68,7.68,7.68,7.68,0
854,2020-09-18,7.68,7.68,7.68,7.68,0
855,2020-09-21,7.68,7.68,7.68,7.68,1700
856,2020-09-22,7.68,7.68,7.68,7.68,40
857,2020-09-23,7.68,7.68,7.68,7.68,100
858,2020-09-24,7.68,7.68,7.68,7.68,100
859,2020-09-25,7.68,7.68,7.68,7.68,0
860,2020-09-28,8.41,8.41,8.41,8.41,100
861,2020-09-29,8.41,8.41,8.41,8.41,0
862,2020-09-30,7.17,7.24,7.17,7.24,1300
863,2020-10-01,8.12,8.12,8.12,8.12,100
864,2020-10-02,8.12,8.12,8.12,8.12,0
865,2020-10-05,8.12,8.12,8.12,8.12,0
866,2020-10-06,8.12,8.12,8.12,8.12,0
867,2020-10-07,8.12,8.12,8.12,8.12,0
868,2020-10-08,8.12,8.12,8.12,8.12,0
869,2020-10-09,8.63,8.63,8.63,8.63,100
870,2020-10-12,7.39,7.39,7.39,7.39,1800
871,2020-10-13,7.61,7.61,7.61,7.61,200
872,2020-10-14,7.61,7.61,7.61,7.61,0
873,2020-10-15,7.61,7.61,7.61,7.61,0
874,2020-10-16,7.61,7.61,7.61,7.61,0
875,2020-10-19,7.61,7.61,7.61,7.61,0
876,2020-10-20,6.51,6.51,6.51,6.51,2000
877,2020-10-21,7.09,7.09,7.09,7.09,100
878,2020-10-22,7.31,7.31,7.31,7.31,100
879,2020-10-23,7.53,7.53,7.53,7.53,100
880,2020-10-26,7.53,7.53,7.53,7.53,0
881,2020-10-27,7.53,7.53,7.53,7.53,0
882,2020-10-28,7.53,7.53,7.53,7.53,0
883,2020-10-29,7.53,7.53,7.53,7.53,0
884,2020-10-30,7.53,7.53,7.53,7.53,0
885,2020-11-02,8.56,8.56,8.56,8.56,100
886,2020-11-03,8.56,8.56,8.56,8.56,0
887,2020-11-04,8.56,8.56,8.56,8.56,0
888,2020-11-05,8.56,8.56,8.56,8.56,0
889,2020-11-06,8.56,8.56,8.56,8.56,0
890,2020-11-09,7.31,7.31,7.31,7.31,100
891,2020-11-10,7.31,7.31,7.31,7.31,0
892,2020-11-11,6.29,6.29,6.29,6.29,100
893,2020-11-12,6.58,6.73,6.58,6.73,400
894,2020-11-13,6.88,7.53,6.88,7.53,400
895,2020-11-16,7.97,7.97,7.97,7.97,100
896,2020-11-17,7.97,7.97,7.97,7.97,0
897,2020-11-18,8.34,8.34,8.34,8.34,200
898,2020-11-19,8.34,8.34,8.34,8.34,0
899,2020-11-20,8.34,8.34,8.34,8.34,0
900,2020-11-23,8.34,8.34,8.34,8.34,0
901,2020-11-24,8.56,8.56,8.48,8.48,200
902,2020-11-25,8.56,8.48,8.48,8.48,0
903,2020-11-26,8.56,8.48,8.48,8.48,0
904,2020-11-27,8.56,8.48,8.48,8.48,0
905,2020-11-30,8.56,8.48,8.48,8.48,0
906,2020-12-01,8.56,8.48,8.48,8.48,0
907,2020-12-02,8.56,8.48,8.48,8.48,0
908,2020-12-03,8.56,8.48,8.48,8.48,0
909,2020-12-04,7.31,7.31,7.31,7.31,21400
910,2020-12-07,7.31,7.31,7.31,7.31,0
911,2020-12-08,7.31,7.31,7.31,7.31,0
912,2020-12-09,7.31,7.31,7.31,7.31,0
913,2020-12-10,7.31,7.31,7.31,7.31,0
914,2020-12-11,7.31,7.31,7.31,7.31,0
915,2020-12-14,7.31,7.31,7.31,7.31,0
916,2020-12-15,7.31,7.31,7.31,7.31,0
917,2020-12-16,6.29,6.29,6.29,6.29,200
918,2020-12-17,7.17,7.17,7.17,7.17,200
919,2020-12-18,7.17,7.17,7.17,7.17,0
920,2020-12-21,7.17,7.17,7.17,7.17,0
921,2020-12-22,7.17,7.17,7.17,7.17,0
922,2020-12-23,6.29,6.29,6.29,6.29,100
923,2020-12-24,6.29,6.29,6.29,6.29,0
924,2020-12-25,6.58,6.95,6.58,6.95,1600
925,2020-12-28,6.58,6.95,6.95,6.95,0
926,2020-12-29,6.58,6.95,6.95,6.95,0
927,2020-12-30,6.8,6.8,6.73,6.73,6000
928,2020-12-31,6.95,6.95,6.95,6.95,400
929,2021-01-04,7.02,7.02,7.02,7.02,100
930,2021-01-05,7.09,7.24,7.09,7.24,2100
931,2021-01-06,7.24,7.24,7.24,7.24,0
932,2021-01-07,7.24,7.24,7.24,7.24,0
933,2021-01-08,7.24,7.24,7.24,7.24,0
934,2021-01-11,7.24,7.24,7.24,7.24,0
935,2021-01-12,7.24,7.24,7.24,7.24,0
936,2021-01-13,7.24,7.24,7.24,7.24,0
937,2021-01-14,7.31,7.31,7.31,7.31,1800
938,2021-01-15,7.39,7.39,7.39,7.39,200
939,2021-01-18,7.39,8.48,7.39,8.48,4400
940,2021-01-19,7.39,7.39,7.39,7.39,1300
941,2021-01-20,7.39,7.39,7.39,7.39,0
942,2021-01-21,7.39,7.39,7.39,7.39,0
943,2021-01-22,7.39,7.39,7.39,7.39,0
944,2021-01-25,7.39,7.39,7.39,7.39,0
945,2021-01-26,7.39,7.39,7.39,7.39,0
946,2021-01-27,7.39,7.39,7.39,7.39,0
947,2021-01-28,6.29,6.29,6.29,6.29,100
948,2021-01-29,7.17,7.17,7.17,7.17,200
949,2021-02-01,7.17,7.17,7.17,7.17,100
950,2021-02-02,7.17,7.17,7.17,7.17,0
951,2021-02-03,7.17,7.17,7.17,7.17,0
952,2021-02-04,7.17,7.17,7.17,7.17,0
953,2021-02-05,7.17,7.17,7.17,7.17,0
954,2021-02-08,7.17,7.17,7.17,7.17,0
955,2021-02-09,7.17,7.17,7.17,7.17,0
956,2021-02-17,7.17,7.17,7.17,7.17,0
957,2021-02-18,8.19,8.19,8.19,8.19,400
958,2021-02-19,8.19,8.19,8.19,8.19,0
959,2021-02-22,8.19,8.19,8.19,8.19,0
960,2021-02-23,8.19,8.19,8.19,8.19,0
961,2021-02-24,9.36,9.36,9.36,9.36,100
962,2021-02-25,9.36,9.36,9.36,9.36,0
963,2021-02-26,7.97,10.75,7.97,10.75,300
964,2021-03-01,9.8,10.75,10.75,10.75,0
965,2021-03-02,8.78,8.78,8.78,8.78,2300
966,2021-03-03,8.78,8.78,8.78,8.78,0
967,2021-03-04,8.78,8.78,8.78,8.78,0
968,2021-03-05,8.78,8.78,8.78,8.78,0
969,2021-03-08,8.78,8.78,8.78,8.78,0
970,2021-03-09,8.78,8.78,8.78,8.78,0
971,2021-03-10,8.78,8.78,8.78,8.78,0
972,2021-03-11,8.78,8.78,8.78,8.78,0
973,2021-03-12,8.78,8.78,8.78,8.78,0
974,2021-03-15,8.78,8.78,8.78,8.78,0
975,2021-03-16,8.78,8.78,8.78,8.78,0
976,2021-03-17,8.78,8.78,8.78,8.78,0
977,2021-03-18,8.78,8.78,8.78,8.78,2100
978,2021-03-19,8.78,8.78,8.78,8.78,0
979,2021-03-22,8.78,8.78,8.78,8.78,10
980,2021-03-23,8.78,8.78,8.78,8.78,0
981,2021-03-24,8.78,8.78,8.78,8.78,5
982,2021-03-25,8.78,8.78,8.78,8.78,5000
983,2021-03-26,8.78,8.78,8.78,8.78,0
984,2021-03-29,8.78,8.78,8.78,8.78,0
985,2021-03-30,8.78,9.22,8.78,9.22,7200
986,2021-03-31,9.22,9.36,9.22,9.36,5700
987,2021-04-01,9.36,9.36,9.36,9.36,3900
988,2021-04-02,9.36,9.36,9.36,9.36,5000
989,2021-04-05,9.44,9.51,9.44,9.51,8300
990,2021-04-06,9.51,9.51,9.51,9.51,0
991,2021-04-07,9.51,9.51,9.51,9.51,0
992,2021-04-08,9.73,10.24,9.73,10.24,3400
993,2021-04-09,10.24,10.24,10.24,10.24,1600
994,2021-04-12,10.24,10.24,10.24,10.24,0
995,2021-04-13,10.24,10.24,10.24,10.24,0
996,2021-04-14,10.24,10.24,10.24,10.24,0
997,2021-04-15,10.24,10.24,10.24,10.24,100
998,2021-04-16,10.24,10.24,10.24,10.24,0
999,2021-04-19,10.24,10.24,10.24,10.24,0
1000,2021-04-20,10.24,10.24,10.24,10.24,0
1001,2021-04-22,10.24,10.24,10.24,10.24,0
1002,2021-04-23,10.24,10.24,10.24,10.24,0
1003,2021-04-26,10.24,10.24,10.24,10.24,0
1004,2021-04-27,10.24,10.24,10.24,10.24,0
1005,2021-04-28,11.78,11.78,11.78,11.78,100
1006,2021-04-29,11.78,11.78,11.78,11.78,0
1007,2021-05-04,11.78,11.78,11.78,11.78,0
1008,2021-05-05,11.78,11.78,11.78,11.78,0
1009,2021-05-06,11.78,11.78,11.78,11.78,0
1010,2021-05-07,10.02,10.02,10.02,10.02,1000
1011,2021-05-10,10.02,10.02,10.02,10.02,0
1012,2021-05-11,10.02,10.02,10.02,10.02,0
1013,2021-05-12,11.48,11.48,11.48,11.48,100
1014,2021-05-13,11.48,11.48,11.48,11.48,0
1015,2021-05-14,11.48,11.48,11.48,11.48,0
1016,2021-05-17,10.97,10.97,10.97,10.97,200
1017,2021-05-18,10.97,10.97,10.97,10.97,0
1018,2021-05-19,10.97,10.97,10.97,10.97,0
1019,2021-05-20,10.97,10.97,10.97,10.97,0
1020,2021-05-21,10.97,10.97,10.97,10.97,0
1021,2021-05-24,10.97,10.97,10.97,10.97,0
1022,2021-05-25,10.97,10.97,10.97,10.97,0
1023,2021-05-26,10.97,10.97,10.97,10.97,0
1024,2021-05-27,10.97,10.97,10.97,10.97,0
1025,2021-05-28,10.97,10.97,10.97,10.97,0
1026,2021-05-31,10.97,10.97,10.97,10.97,0
1027,2021-06-01,10.97,10.97,10.97,10.97,0
1028,2021-06-02,10.97,10.97,10.97,10.97,0
1029,2021-06-03,9.36,9.36,9.36,9.36,2000
1030,2021-06-04,9.36,9.36,9.36,9.36,0
1031,2021-06-07,9.36,9.36,9.36,9.36,0
1032,2021-06-08,9.36,9.36,9.36,9.36,0
1033,2021-06-09,9.36,9.36,9.36,9.36,0
1034,2021-06-10,9.36,9.36,9.36,9.36,0
1035,2021-06-11,9.36,9.36,9.36,9.36,0
1036,2021-06-14,9.36,9.36,9.36,9.36,0
1037,2021-06-15,9.36,9.36,9.36,9.36,0
1038,2021-06-16,9.36,9.36,9.36,9.36,0
1039,2021-06-17,9.36,9.36,9.36,9.36,0
1040,2021-06-18,9.36,9.36,9.36,9.36,0
1041,2021-06-21,9.36,9.36,9.36,9.36,0
1042,2021-06-22,9.36,9.36,9.36,9.36,0
1043,2021-06-23,9.36,9.36,9.36,9.36,0
1044,2021-06-24,9.36,9.36,9.36,9.36,0
1045,2021-06-25,9.36,9.36,9.36,9.36,0
1046,2021-06-28,8.05,8.05,8.05,8.05,500
1047,2021-06-29,8.05,8.05,8.05,8.05,0
1048,2021-06-30,8.05,8.05,8.05,8.05,0
1049,2021-07-01,8.05,8.05,8.05,8.05,0
1050,2021-07-02,8.05,8.05,8.05,8.05,0
1051,2021-07-05,8.05,8.05,8.05,8.05,0
1052,2021-07-06,8.05,8.05,8.05,8.05,0
1053,2021-07-07,8.05,8.05,8.05,8.05,0
1054,2021-07-08,8.78,8.78,8.78,8.78,100
1055,2021-07-09,8.78,8.78,8.78,8.78,0
1056,2021-07-12,8.78,8.78,8.78,8.78,0
1057,2021-07-13,8.78,8.78,8.78,8.78,0
1058,2021-07-14,8.78,8.78,8.78,8.78,0
1059,2021-07-15,8.78,8.78,8.78,8.78,0
1060,2021-07-16,8.78,8.78,8.78,8.78,20
1061,2021-07-19,8.78,8.78,8.78,8.78,0
1062,2021-07-20,8.78,8.78,8.78,8.78,0
1063,2021-07-21,8.78,8.78,8.78,8.78,0
1064,2021-07-22,8.78,8.78,8.78,8.78,0
1065,2021-07-23,8.78,8.78,8.78,8.78,20
1066,2021-07-26,8.78,8.78,8.78,8.78,0
1067,2021-07-27,8.78,8.78,8.78,8.78,0
1068,2021-07-28,8.78,8.78,8.78,8.78,0
1069,2021-07-29,8.78,8.78,8.78,8.78,0
1070,2021-07-30,8.78,8.78,8.78,8.78,0
1071,2021-08-02,8.78,8.78,8.78,8.78,0
1072,2021-08-03,8.78,8.78,8.78,8.78,0
1073,2021-08-04,8.78,8.78,8.78,8.78,0
1074,2021-08-05,8.78,8.78,8.78,8.78,0
1075,2021-08-06,8.78,8.78,8.78,8.78,0
1076,2021-08-09,8.78,8.78,8.78,8.78,0
1077,2021-08-10,8.78,8.78,8.78,8.78,0
1078,2021-08-11,8.78,8.78,8.78,8.78,0
1079,2021-08-12,8.78,8.78,8.78,8.78,0
1080,2021-08-13,8.78,8.78,8.78,8.78,0
1081,2021-08-16,8.78,8.78,8.78,8.78,0
1082,2021-08-17,8.78,8.78,8.78,8.78,0
1083,2021-08-18,8.78,8.78,8.78,8.78,0
1084,2021-08-19,8.78,8.78,8.78,8.78,0
1085,2021-08-20,8.78,8.78,8.78,8.78,0
1086,2021-08-23,8.78,8.78,8.78,8.78,0
1087,2021-08-24,8.78,8.78,8.78,8.78,0
1088,2021-08-25,8.78,8.78,8.78,8.78,0
1089,2021-08-26,8.78,8.78,8.78,8.78,0
1090,2021-08-27,8.78,8.78,8.78,8.78,0
1091,2021-08-30,8.78,8.78,8.78,8.78,700
1092,2021-08-31,8.78,8.78,8.78,8.78,0
1093,2021-09-01,8.78,8.78,8.78,8.78,0
1094,2021-09-06,8.78,8.78,8.78,8.78,0
1095,2021-09-07,8.78,8.78,8.78,8.78,0
1096,2021-09-08,8.78,8.78,8.78,8.78,100
1097,2021-09-09,8.78,8.78,8.78,8.78,0
1098,2021-09-10,8.78,8.78,8.78,8.78,0
1099,2021-09-13,8.78,8.78,8.78,8.78,0
1100,2021-09-14,8.78,8.78,8.78,8.78,0
1101,2021-09-15,8.78,8.78,8.78,8.78,0
1102,2021-09-16,8.78,8.78,8.78,8.78,0
1103,2021-09-17,8.78,8.78,8.78,8.78,0
1104,2021-09-20,8.78,8.78,8.78,8.78,0
1105,2021-09-21,8.78,8.78,8.78,8.78,0
1106,2021-09-22,8.78,8.78,8.78,8.78,0
1107,2021-09-23,8.78,8.78,8.78,8.78,0
1108,2021-09-24,8.78,8.78,8.78,8.78,0
1109,2021-09-27,8.78,8.78,8.78,8.78,0
1110,2021-09-28,8.78,8.78,8.78,8.78,0
1111,2021-09-29,8.78,8.78,8.78,8.78,0
1112,2021-09-30,8.78,8.78,8.78,8.78,0
1113,2021-10-01,8.78,8.78,8.78,8.78,0
1114,2021-10-04,8.78,8.78,8.78,8.78,0
1115,2021-10-05,8.78,8.78,8.78,8.78,0
1116,2021-10-06,8.78,8.78,8.78,8.78,0
1117,2021-10-07,8.78,8.78,8.78,8.78,0
1118,2021-10-08,8.78,8.78,8.78,8.78,0
1119,2021-10-11,8.78,8.78,8.78,8.78,0
1120,2021-10-12,8.78,8.78,8.78,8.78,0
1121,2021-10-13,8.78,8.78,8.78,8.78,0
1122,2021-10-14,8.78,8.78,8.78,8.78,0
1123,2021-10-15,8.78,8.78,8.78,8.78,0
1124,2021-10-18,8.78,8.78,8.78,8.78,0
1125,2021-10-19,8.78,8.78,8.78,8.78,0
1126,2021-10-20,8.78,8.78,8.78,8.78,0
1127,2021-10-21,8.78,8.78,8.78,8.78,0
1128,2021-10-22,8.78,8.78,8.78,8.78,0
1129,2021-10-25,8.78,8.78,8.78,8.78,0
1130,2021-10-26,8.78,8.78,8.78,8.78,0
1131,2021-10-27,8.78,8.78,8.78,8.78,0
1132,2021-10-28,8.78,8.78,8.78,8.78,0
1133,2021-10-29,8.78,8.78,8.78,8.78,0
1134,2021-11-01,8.78,8.78,8.78,8.78,0
1135,2021-11-02,7.98,8.46,7.98,8.46,1800
1136,2021-11-03,8.46,8.46,8.46,8.46,500
1137,2021-11-04,8.46,8.46,8.46,8.46,0
1138,2021-11-05,8.46,8.46,8.46,8.46,0
1139,2021-11-08,8.62,8.62,8.62,8.62,100
1140,2021-11-09,8.62,8.62,8.62,8.62,0
1141,2021-11-10,8.62,8.62,8.62,8.62,0
1142,2021-11-11,8.62,8.62,8.62,8.62,0
1143,2021-11-12,9.26,9.57,9.26,9.57,5500
1144,2021-11-15,9.42,9.42,9.42,9.42,0
1145,2021-11-16,9.42,9.42,9.42,9.42,0
1146,2021-11-17,9.42,9.42,9.42,9.42,500
1147,2021-11-18,10.77,10.77,10.77,10.77,1800
1148,2021-11-19,11.01,11.01,10.85,10.85,6000
1149,2021-11-22,10.93,10.93,10.93,10.93,0
1150,2021-11-23,10.93,10.93,10.93,10.93,0
1151,2021-11-24,10.93,10.93,10.93,10.93,0
1152,2021-11-25,10.93,10.93,10.93,10.93,200
1153,2021-11-26,10.93,10.93,10.93,10.93,0
1154,2021-11-29,10.93,10.93,10.93,10.93,0
1155,2021-11-30,10.93,10.93,10.93,10.93,0
1156,2021-12-01,10.93,10.93,10.93,10.93,0
1157,2021-12-02,10.93,10.93,10.93,10.93,600
1158,2021-12-03,10.93,10.93,10.93,10.93,0
1159,2021-12-06,10.93,10.93,10.93,10.93,0
1160,2021-12-07,10.93,10.93,10.93,10.93,0
1161,2021-12-08,10.93,10.93,10.93,10.93,0
1162,2021-12-09,10.93,10.93,10.93,10.93,200
1163,2021-12-10,10.93,10.93,10.93,10.93,0
1164,2021-12-13,10.93,10.93,10.93,10.93,0
1165,2021-12-14,10.93,10.93,10.93,10.93,0
1166,2021-12-15,10.93,10.93,10.93,10.93,0
1167,2021-12-16,11.17,11.17,11.17,11.17,3000
1168,2021-12-17,11.17,11.17,11.17,11.17,0
1169,2021-12-20,11.17,11.17,11.17,11.17,0
1170,2021-12-21,11.17,11.17,11.17,11.17,200
1171,2021-12-22,11.17,11.17,11.17,11.17,0
1172,2021-12-23,11.17,11.17,11.17,11.17,0
1173,2021-12-24,11.17,11.17,11.17,11.17,0
1174,2021-12-27,11.17,11.17,11.17,11.17,0
1175,2021-12-28,11.17,11.17,11.17,11.17,0
1176,2021-12-29,11.17,11.17,11.17,11.17,0
1177,2021-12-30,11.17,11.17,11.17,11.17,0
1178,2021-12-31,11.17,11.17,11.17,11.17,0
1179,2022-01-04,11.17,11.17,11.17,11.17,0
1180,2022-01-05,11.17,11.17,11.17,11.17,0
1181,2022-01-06,11.17,11.17,11.17,11.17,300
1182,2022-01-07,11.17,11.17,11.17,11.17,0
1183,2022-01-10,11.17,11.17,11.17,11.17,0
1184,2022-01-11,11.17,11.17,11.17,11.17,0
1185,2022-01-12,11.17,11.17,11.17,11.17,0
1186,2022-01-13,11.17,11.17,11.17,11.17,0
1187,2022-01-14,10.37,10.37,10.37,10.37,2000
1188,2022-01-17,10.37,10.37,10.37,10.37,0
1189,2022-01-18,10.37,10.37,10.37,10.37,0
1190,2022-01-19,10.37,10.37,10.37,10.37,0
1191,2022-01-20,10.37,10.37,10.37,10.37,0
1192,2022-01-21,10.37,10.37,10.37,10.37,0
1193,2022-01-24,10.37,10.37,10.37,10.37,0
1194,2022-01-25,10.37,10.37,10.37,10.37,0
1195,2022-01-26,10.37,10.37,10.37,10.37,0
1196,2022-01-27,10.37,10.37,10.37,10.37,0
1197,2022-01-28,10.37,10.37,10.37,10.37,0
1198,2022-02-07,10.37,10.37,10.37,10.37,0
1199,2022-02-08,10.37,11.89,10.37,11.89,2200
1200,2022-02-09,10.45,10.45,10.45,10.45,58
1201,2022-02-10,10.45,10.45,10.45,10.45,0
1202,2022-02-11,10.45,10.45,10.45,10.45,900
1203,2022-02-14,10.45,10.45,10.45,10.45,0
1204,2022-02-15,10.45,10.45,10.45,10.45,0
1205,2022-02-16,10.45,10.45,10.45,10.45,0
1206,2022-02-17,10.45,10.45,10.45,10.45,0
1207,2022-02-18,10.45,10.45,10.45,10.45,0
1208,2022-02-21,10.45,10.45,10.45,10.45,0
1209,2022-02-22,10.45,10.45,10.45,10.45,0
1210,2022-02-23,10.45,10.45,10.45,10.45,0
1211,2022-02-24,10.45,10.45,10.45,10.45,0
1212,2022-02-25,10.45,10.45,10.45,10.45,0
1213,2022-02-28,10.45,10.45,10.45,10.45,0
1214,2022-03-01,10.45,10.45,10.45,10.45,0
1215,2022-03-02,10.45,10.45,10.45,10.45,0
1216,2022-03-03,10.45,10.45,10.45,10.45,0
1217,2022-03-04,10.45,10.45,10.45,10.45,0
1218,2022-03-07,10.45,10.45,10.45,10.45,0
1219,2022-03-08,10.45,10.45,10.45,10.45,0
1220,2022-03-09,11.17,11.17,11.17,11.17,2000
1221,2022-03-10,11.17,11.17,11.17,11.17,200
1222,2022-03-11,11.17,11.17,11.17,11.17,0
1223,2022-03-14,11.17,11.17,11.17,11.17,0
1224,2022-03-15,11.17,11.17,11.17,11.17,0
1225,2022-03-16,11.17,11.17,11.17,11.17,0
1226,2022-03-17,11.17,11.17,11.17,11.17,0
1227,2022-03-18,11.17,11.17,11.17,11.17,0
1228,2022-03-21,11.17,11.17,11.17,11.17,0
1229,2022-03-22,11.17,11.17,11.17,11.17,0
1230,2022-03-23,11.17,11.17,11.17,11.17,0
1231,2022-03-24,11.17,11.17,11.17,11.17,0
1232,2022-03-25,11.17,11.17,11.17,11.17,0
1233,2022-03-28,11.17,11.17,11.17,11.17,0
1234,2022-03-29,11.17,11.17,11.17,11.17,0
1235,2022-03-30,11.17,11.17,11.17,11.17,0
1236,2022-03-31,11.17,11.17,11.17,11.17,0
1237,2022-04-01,11.17,11.17,11.17,11.17,0
1238,2022-04-04,11.17,11.17,11.17,11.17,0
1239,2022-04-05,11.17,11.17,11.17,11.17,0
1240,2022-04-06,11.17,11.17,11.17,11.17,0
1241,2022-04-07,11.17,11.17,11.17,11.17,0
1242,2022-04-08,11.17,11.17,11.17,11.17,0
1243,2022-04-12,11.17,11.17,11.17,11.17,0
1244,2022-04-13,11.17,11.17,11.17,11.17,0
1245,2022-04-14,11.17,11.17,11.17,11.17,0
1246,2022-04-15,11.17,11.17,11.17,11.17,0
1247,2022-04-18,11.17,11.17,11.17,11.17,0
1248,2022-04-19,11.17,11.17,11.17,11.17,0
1249,2022-04-20,11.17,11.17,11.17,11.17,0
1250,2022-04-21,11.17,11.17,11.17,11.17,0
1251,2022-04-22,11.17,11.17,10.05,10.05,500
1252,2022-04-25,10.45,10.45,10.45,10.45,0
1253,2022-04-26,10.45,10.45,10.45,10.45,0
1254,2022-04-27,10.45,10.45,10.45,10.45,0
1255,2022-04-28,10.45,10.45,10.45,10.45,0
1256,2022-04-29,10.45,10.45,10.45,10.45,0
1257,2022-05-04,10.45,10.45,10.45,10.45,0
1258,2022-05-05,10.45,10.45,10.45,10.45,0
1259,2022-05-06,10.45,10.45,10.45,10.45,0
1260,2022-05-09,10.45,10.45,10.45,10.45,0
1261,2022-05-10,10.45,10.45,10.45,10.45,0
1262,2022-05-11,10.45,10.45,10.45,10.45,0
1263,2022-05-12,10.45,10.45,10.45,10.45,0
1264,2022-05-13,10.45,10.45,10.45,10.45,0
1265,2022-05-16,10.45,10.45,10.45,10.45,0
1266,2022-05-17,10.45,10.45,10.45,10.45,0
1267,2022-05-18,10.45,10.45,10.45,10.45,0
1268,2022-05-19,10.45,10.45,10.45,10.45,0
1269,2022-05-20,10.45,10.45,10.45,10.45,0
1270,2022-05-23,10.45,10.45,10.45,10.45,2
1271,2022-05-24,10.45,10.45,10.45,10.45,0
1272,2022-05-25,10.45,10.45,10.45,10.45,0
1273,2022-05-26,10.45,10.45,10.45,10.45,0
1274,2022-05-27,10.45,10.45,10.45,10.45,0
1275,2022-05-30,10.45,10.45,10.45,10.45,0
1276,2022-05-31,10.45,10.45,10.45,10.45,0
1277,2022-06-01,10.45,10.45,10.45,10.45,0
1278,2022-06-02,10.45,10.45,10.45,10.45,0
1279,2022-06-03,10.45,10.45,10.45,10.45,0
1280,2022-06-06,10.45,10.45,10.45,10.45,0
1281,2022-06-07,10.45,10.45,10.45,10.45,0
1282,2022-06-08,10.45,10.45,10.45,10.45,0
1283,2022-06-09,10.45,10.45,10.45,10.45,0
1284,2022-06-10,10.45,10.45,10.45,10.45,0
1285,2022-06-13,10.45,10.45,10.45,10.45,0
1286,2022-06-14,10.45,10.45,10.45,10.45,0
1287,2022-06-15,10.45,10.45,10.45,10.45,0
1288,2022-06-16,10.45,10.45,10.45,10.45,0
1289,2022-06-17,9.57,9.57,9.57,9.57,10000
1290,2022-06-20,9.57,9.57,9.57,9.57,0
1291,2022-06-21,9.57,9.57,9.57,9.57,0
1292,2022-06-22,9.57,9.57,9.57,9.57,0
1293,2022-06-23,9.57,9.57,9.57,9.57,0
1294,2022-06-24,9.57,9.57,9.57,9.57,0
1295,2022-06-27,9.57,9.57,9.57,9.57,0
1296,2022-06-28,9.57,9.57,9.57,9.57,0
1297,2022-06-29,9.57,9.57,9.57,9.57,0
1298,2022-06-30,9.57,9.57,9.57,9.57,0
1299,2022-07-01,9.57,9.57,9.57,9.57,0
1300,2022-07-04,9.57,9.57,9.57,9.57,0
1301,2022-07-05,9.57,9.57,9.57,9.57,0
1302,2022-07-06,9.57,9.57,9.57,9.57,0
1303,2022-07-07,9.57,9.57,9.57,9.57,0
1304,2022-07-08,9.57,9.57,9.57,9.57,0
1305,2022-07-11,9.57,9.57,9.57,9.57,0
1306,2022-07-12,9.57,9.57,9.57,9.57,0
1307,2022-07-13,9.57,9.57,9.57,9.57,0
1308,2022-07-14,9.57,9.57,9.57,9.57,0
1309,2022-07-15,9.57,9.57,9.57,9.57,0
1310,2022-07-18,9.57,9.57,9.57,9.57,0
1311,2022-07-19,9.57,9.57,9.57,9.57,0
1312,2022-07-20,9.57,9.57,9.57,9.57,0
1313,2022-07-21,9.57,9.57,9.57,9.57,0
1314,2022-07-22,9.57,9.57,9.57,9.57,0
1315,2022-07-25,9.57,9.57,9.57,9.57,0
1316,2022-07-26,8.38,8.38,8.38,8.38,2000
1317,2022-07-27,8.38,8.38,8.38,8.38,0
1318,2022-07-28,8.38,8.38,8.38,8.38,0
1319,2022-07-29,8.38,8.38,8.38,8.38,9
1320,2022-08-01,8.38,8.38,8.38,8.38,0
1321,2022-08-02,8.38,8.38,8.38,8.38,0
1322,2022-08-03,9.57,9.57,9.57,9.57,5000
1323,2022-08-04,9.57,9.57,9.57,9.57,0
1324,2022-08-05,9.57,9.57,9.57,9.57,20000
1325,2022-08-08,9.57,9.57,9.57,9.57,0
1326,2022-08-09,9.57,9.57,9.57,9.57,44600
1327,2022-08-10,9.57,9.57,9.57,9.57,0
1328,2022-08-11,9.57,9.57,9.57,9.57,0
1329,2022-08-12,9.57,9.57,9.57,9.57,0
1330,2022-08-15,9.57,9.57,9.57,9.57,0
1331,2022-08-16,9.57,9.57,9.57,9.57,0
1332,2022-08-17,9.57,9.57,9.57,9.57,0
1333,2022-08-18,9.57,9.57,9.57,9.57,0
1334,2022-08-19,9.57,9.57,9.57,9.57,0
1335,2022-08-22,9.57,9.57,9.57,9.57,0
1336,2022-08-23,9.57,9.57,9.57,9.57,0
1337,2022-08-24,9.57,9.57,9.57,9.57,0
1338,2022-08-25,10.44,10.44,10.44,10.44,165
1339,2022-08-26,12.01,12.01,12.01,12.01,1000
1340,2022-08-29,12.01,12.01,12.01,12.01,0
1341,2022-08-30,12.01,12.01,12.01,12.01,0
1342,2022-08-31,12.01,12.01,12.01,12.01,0
1343,2022-09-05,12.01,12.01,12.01,12.01,0
1344,2022-09-06,12.01,12.01,12.01,12.01,0
1345,2022-09-07,12.01,12.01,12.01,12.01,0
1346,2022-09-08,12.01,12.01,12.01,12.01,0
1347,2022-09-09,12.01,12.01,12.01,12.01,0
1348,2022-09-12,12.01,12.01,12.01,12.01,0
1349,2022-09-13,12.01,12.01,12.01,12.01,0
1350,2022-09-14,12.01,12.01,12.01,12.01,0
1351,2022-09-15,12.01,12.01,12.01,12.01,0
1352,2022-09-16,12.01,12.01,12.01,12.01,0
1353,2022-09-19,12.01,12.01,12.01,12.01,0
1354,2022-09-20,12.01,12.01,12.01,12.01,0
1355,2022-09-21,12.01,12.01,12.01,12.01,0
1356,2022-09-22,12.01,12.01,12.01,12.01,0
1357,2022-09-23,12.01,12.01,12.01,12.01,0
1358,2022-09-26,12.01,12.01,12.01,12.01,0
1359,2022-09-27,12.01,12.01,12.01,12.01,0
1360,2022-09-28,12.01,12.01,12.01,12.01,0
1361,2022-09-29,12.01,12.01,12.01,12.01,0
1362,2022-09-30,12.01,12.01,12.01,12.01,1
1363,2022-10-03,12.01,12.01,12.01,12.01,0
1364,2022-10-04,12.01,12.01,12.01,12.01,0
1365,2022-10-05,12.01,12.01,12.01,12.01,0
1366,2022-10-06,12.01,12.01,12.01,12.01,0
1367,2022-10-07,12.01,12.01,12.01,12.01,0
1368,2022-10-10,12.01,12.01,12.01,12.01,0
1369,2022-10-11,12.01,12.01,12.01,12.01,0
1370,2022-10-12,12.01,12.01,12.01,12.01,0
1371,2022-10-13,12.01,12.01,12.01,12.01,0
1372,2022-10-14,12.01,12.01,12.01,12.01,0
1373,2022-10-17,12.01,12.01,12.01,12.01,0
1374,2022-10-18,12.01,12.01,12.01,12.01,0
1375,2022-10-19,12.01,12.01,12.01,12.01,0
1376,2022-10-20,12.01,12.01,12.01,12.01,0
1377,2022-10-21,12.01,12.01,12.01,12.01,0
1378,2022-10-24,12.01,12.01,12.01,12.01,0
1379,2022-10-25,12.01,12.01,12.01,12.01,0
1380,2022-10-26,12.01,12.01,12.01,12.01,0
1381,2022-10-27,12.01,12.01,12.01,12.01,0
1382,2022-10-28,12.01,12.01,12.01,12.01,0
1383,2022-10-31,12.01,12.01,12.01,12.01,0
1384,2022-11-01,12.01,12.01,12.01,12.01,0
1385,2022-11-02,12.01,12.01,12.01,12.01,0
1386,2022-11-03,12.01,12.01,12.01,12.01,0
1387,2022-11-04,12.01,12.01,12.01,12.01,0
1388,2022-11-07,12.01,12.01,12.01,12.01,0
1389,2022-11-08,12.01,12.01,12.01,12.01,0
1390,2022-11-09,12.01,12.01,12.01,12.01,0
1391,2022-11-10,12.01,12.01,12.01,12.01,0
1392,2022-11-11,12.01,12.01,12.01,12.01,0
1393,2022-11-14,12.01,12.01,12.01,12.01,0
1394,2022-11-15,12.01,12.01,12.01,12.01,0
1395,2022-11-16,12.01,12.01,12.01,12.01,0
1396,2022-11-17,12.01,12.01,12.01,12.01,0
1397,2022-11-18,12.01,12.01,12.01,12.01,0
1398,2022-11-21,12.01,12.01,12.01,12.01,0
1399,2022-11-22,12.01,12.01,12.01,12.01,0
1400,2022-11-23,12.01,12.01,12.01,12.01,0
1401,2022-11-24,12.01,12.01,12.01,12.01,0
1402,2022-11-25,12.01,12.01,12.01,12.01,0
1403,2022-11-28,12.01,12.01,12.01,12.01,0
1404,2022-11-29,12.01,12.01,12.01,12.01,0
1405,2022-11-30,12.01,12.01,12.01,12.01,0
1406,2022-12-01,12.01,12.01,12.01,12.01,0
1407,2022-12-02,12.01,12.01,12.01,12.01,0
1408,2022-12-05,12.01,12.01,12.01,12.01,0
1409,2022-12-06,12.01,12.01,12.01,12.01,0
1410,2022-12-07,12.01,12.01,12.01,12.01,0
1411,2022-12-08,12.01,12.01,12.01,12.01,0
1412,2022-12-09,12.01,12.01,12.01,12.01,0
1413,2022-12-12,12.01,12.01,12.01,12.01,0
1414,2022-12-13,12.01,12.01,12.01,12.01,0
1415,2022-12-14,12.01,12.01,12.01,12.01,0
1416,2022-12-15,12.01,12.01,12.01,12.01,0
1417,2022-12-16,12.01,12.01,12.01,12.01,0
1418,2022-12-19,12.01,12.01,12.01,12.01,0
1419,2022-12-20,12.01,12.01,12.01,12.01,0
1420,2022-12-21,12.01,12.01,12.01,12.01,0
1421,2022-12-22,12.01,12.01,12.01,12.01,0
1422,2022-12-23,12.01,12.01,12.01,12.01,0
1423,2022-12-26,12.01,12.01,12.01,12.01,0
1424,2022-12-27,12.01,12.01,12.01,12.01,0
1425,2022-12-28,12.01,12.01,12.01,12.01,0
1426,2022-12-29,12.01,12.01,12.01,12.01,0
1427,2022-12-30,12.01,12.01,12.01,12.01,0
1428,2023-01-03,12.01,12.01,12.01,12.01,0
1429,2023-01-04,12.01,12.01,12.01,12.01,0
1430,2023-01-05,12.01,12.01,12.01,12.01,0
1431,2023-01-06,12.01,12.01,12.01,12.01,0
1432,2023-01-09,12.01,12.01,12.01,12.01,0
1433,2023-01-10,12.01,12.01,12.01,12.01,0
1434,2023-01-11,12.01,12.01,12.01,12.01,0
1435,2023-01-12,12.01,12.01,12.01,12.01,0
1436,2023-01-13,12.01,12.01,12.01,12.01,0
1437,2023-01-16,12.01,12.01,12.01,12.01,0
1438,2023-01-17,12.01,12.01,12.01,12.01,0
1439,2023-01-18,12.01,12.01,12.01,12.01,0
1440,2023-01-19,12.01,12.01,12.01,12.01,0
1441,2023-01-27,12.01,12.01,12.01,12.01,0
1442,2023-01-30,12.01,12.01,12.01,12.01,0
1443,2023-01-31,12.01,12.01,12.01,12.01,0
1444,2023-02-01,12.01,12.01,12.01,12.01,0
1445,2023-02-02,12.01,12.01,12.01,12.01,0
1446,2023-02-03,12.01,12.01,12.01,12.01,0
1447,2023-02-06,12.01,12.01,12.01,12.01,0
1448,2023-02-07,12.01,12.01,12.01,12.01,0
1449,2023-02-08,12.01,12.01,12.01,12.01,0
1450,2023-02-09,12.01,12.01,12.01,12.01,0
1451,2023-02-10,12.01,12.01,12.01,12.01,0
1452,2023-02-13,12.01,12.01,12.01,12.01,0
1453,2023-02-14,12.01,12.01,12.01,12.01,0
1454,2023-02-15,12.01,12.01,12.01,12.01,0
1455,2023-02-16,12.01,12.01,12.01,12.01,0
1456,2023-02-17,12.01,12.01,12.01,12.01,0
1457,2023-02-20,12.01,12.01,12.01,12.01,0
1458,2023-02-21,12.01,12.01,12.01,12.01,0
1459,2023-02-22,12.01,12.01,12.01,12.01,0
1460,2023-02-23,12.01,12.01,12.01,12.01,0
1461,2023-02-24,12.01,12.01,12.01,12.01,0
1462,2023-02-27,12.01,12.01,12.01,12.01,0
1463,2023-02-28,12.01,12.01,12.01,12.01,0
1464,2023-03-01,12.01,12.01,12.01,12.01,0
1465,2023-03-02,12.01,12.01,12.01,12.01,0
1466,2023-03-03,12.01,12.01,12.01,12.01,0
1467,2023-03-06,12.01,12.01,12.01,12.01,0
1468,2023-03-07,12.01,12.01,12.01,12.01,0
1469,2023-03-08,12.01,12.01,12.01,12.01,0
1470,2023-03-09,12.01,12.01,12.01,12.01,0
1471,2023-03-10,12.01,12.01,12.01,12.01,0
1472,2023-03-13,12.01,12.01,12.01,12.01,0
1473,2023-03-14,12.01,12.01,12.01,12.01,0
1474,2023-03-15,12.01,12.01,12.01,12.01,0
1475,2023-03-16,12.01,12.01,12.01,12.01,0
1476,2023-03-17,12.01,12.01,12.01,12.01,0
1477,2023-03-20,12.01,12.01,12.01,12.01,0
1478,2023-03-21,12.01,12.01,12.01,12.01,0
1479,2023-03-22,12.01,12.01,12.01,12.01,0
1480,2023-03-23,12.01,12.01,12.01,12.01,0
1481,2023-03-24,12.01,12.01,12.01,12.01,0
1482,2023-03-27,12.01,12.01,12.01,12.01,0
1483,2023-03-28,12.01,12.01,12.01,12.01,0
1484,2023-03-29,12.01,12.01,12.01,12.01,0
1485,2023-03-30,12.01,12.01,12.01,12.01,0
1486,2023-03-31,12.01,12.01,12.01,12.01,0
1487,2023-04-03,12.01,12.01,12.01,12.01,0
1488,2023-04-04,12.01,12.01,12.01,12.01,0
1489,2023-04-05,12.01,12.01,12.01,12.01,0
1490,2023-04-06,12.01,12.01,12.01,12.01,0
1491,2023-04-07,12.01,12.01,12.01,12.01,0
1492,2023-04-10,12.01,12.01,12.01,12.01,0
1493,2023-04-11,12.01,12.01,12.01,12.01,0
1494,2023-04-12,12.01,12.01,12.01,12.01,0
1495,2023-04-13,12.01,12.01,12.01,12.01,0
1496,2023-04-14,12.01,12.01,12.01,12.01,0
1497,2023-04-17,12.01,12.01,12.01,12.01,0
1498,2023-04-18,12.01,12.01,12.01,12.01,0
1499,2023-04-19,12.01,12.01,12.01,12.01,0
1500,2023-04-20,12.01,12.01,12.01,12.01,0
1501,2023-04-21,12.01,12.01,12.01,12.01,0
1502,2023-04-24,12.01,12.01,12.01,12.01,0
1503,2023-04-25,12.01,12.01,12.01,12.01,0
1504,2023-04-26,12.01,12.01,12.01,12.01,0
1505,2023-04-27,12.01,12.01,12.01,12.01,0
1506,2023-04-28,12.01,12.01,12.01,12.01,0
1507,2023-05-04,12.01,12.01,12.01,12.01,0
1508,2023-05-05,12.01,12.01,12.01,12.01,0
1509,2023-05-08,12.01,12.01,12.01,12.01,0
1510,2023-05-09,12.01,12.01,12.01,12.01,0
1511,2023-05-10,12.01,12.01,12.01,12.01,0
1512,2023-05-11,12.01,12.01,12.01,12.01,0
1513,2023-05-12,12.01,12.01,12.01,12.01,0
1514,2023-05-15,12.01,12.01,12.01,12.01,0
1515,2023-05-16,12.01,12.01,12.01,12.01,0
1516,2023-05-17,12.01,12.01,12.01,12.01,0
1517,2023-05-18,12.01,12.01,12.01,12.01,0
1518,2023-05-19,12.01,12.01,12.01,12.01,0
1519,2023-05-22,12.01,12.01,12.01,12.01,0
1520,2023-05-23,12.01,12.01,12.01,12.01,0
1521,2023-05-24,12.01,12.01,12.01,12.01,0
1522,2023-05-25,12.01,12.01,12.01,12.01,0
1523,2023-05-26,12.01,12.01,12.01,12.01,0
1524,2023-05-29,12.01,12.01,12.01,12.01,0
1525,2023-05-30,12.01,12.01,12.01,12.01,0
1526,2023-05-31,12.01,12.01,12.01,12.01,0
1527,2023-06-01,12.01,12.01,12.01,12.01,0
1528,2023-06-02,12.01,12.01,12.01,12.01,0
1529,2023-06-05,12.01,12.01,12.01,12.01,0
1530,2023-06-06,12.01,12.01,12.01,12.01,0
1531,2023-06-07,12.01,12.01,12.01,12.01,0
1532,2023-06-08,12.01,12.01,12.01,12.01,0
1533,2023-06-09,12.01,12.01,12.01,12.01,0
1534,2023-06-12,12.01,12.01,12.01,12.01,0
1535,2023-06-13,12.01,12.01,12.01,12.01,0
1536,2023-06-14,12.01,12.01,12.01,12.01,0
1537,2023-06-15,12.01,12.01,12.01,12.01,0
1538,2023-06-16,12.01,12.01,12.01,12.01,0
1539,2023-06-19,12.01,12.01,12.01,12.01,0
1540,2023-06-20,12.01,12.01,12.01,12.01,0
1541,2023-06-21,12.01,12.01,12.01,12.01,0
1542,2023-06-22,12.01,12.01,12.01,12.01,0
1543,2023-06-23,12.01,12.01,12.01,12.01,0
1544,2023-06-26,12.01,12.01,12.01,12.01,0
1545,2023-06-27,12.01,12.01,12.01,12.01,0
1546,2023-06-28,12.01,12.01,12.01,12.01,0
1547,2023-06-29,12.01,12.01,12.01,12.01,0
1548,2023-06-30,12.01,12.01,12.01,12.01,0
1549,2023-07-03,12.01,12.01,12.01,12.01,0
1550,2023-07-04,12.01,12.01,12.01,12.01,0
1551,2023-07-05,12.01,12.01,12.01,12.01,0
1552,2023-07-06,12.01,12.01,12.01,12.01,0
1553,2023-07-07,12.01,12.01,12.01,12.01,0
1554,2023-07-10,12.01,12.01,12.01,12.01,0
1555,2023-07-11,12.01,12.01,12.01,12.01,0
1556,2023-07-12,12.01,12.01,12.01,12.01,0
1557,2023-07-13,12.01,12.01,12.01,12.01,0
1558,2023-07-14,12.01,12.01,12.01,12.01,0
1559,2023-07-17,12.01,12.01,12.01,12.01,0
1560,2023-07-18,12.01,12.01,12.01,12.01,0
1561,2023-07-19,12.01,12.01,12.01,12.01,0
1562,2023-07-20,12.01,12.01,12.01,12.01,0
1563,2023-07-21,12.01,12.01,12.01,12.01,0
1564,2023-07-24,12.01,12.01,12.01,12.01,0
1565,2023-07-25,12.01,12.01,12.01,12.01,0
1566,2023-07-26,12.01,12.01,12.01,12.01,0
1567,2023-07-27,12.01,12.01,12.01,12.01,0
1568,2023-07-28,12.01,12.01,12.01,12.01,0
1569,2023-07-31,12.01,12.01,12.01,12.01,0
1570,2023-08-01,12.01,12.01,12.01,12.01,0
1571,2023-08-02,12.01,12.01,12.01,12.01,0
1572,2023-08-03,12.01,12.01,12.01,12.01,0
1573,2023-08-04,12.01,12.01,12.01,12.01,0
1574,2023-08-07,12.01,12.01,12.01,12.01,0
1575,2023-08-08,12.01,12.01,12.01,12.01,0
1576,2023-08-09,12.01,12.01,12.01,12.01,0
1577,2023-08-10,12.01,12.01,12.01,12.01,0
1578,2023-08-11,12.01,12.01,12.01,12.01,0
1579,2023-08-14,12.01,12.01,12.01,12.01,0
1580,2023-08-15,12.01,12.01,12.01,12.01,0
1581,2023-08-16,12.01,12.01,12.01,12.01,800
1582,2023-08-17,12.01,12.01,12.01,12.01,0
1583,2023-08-18,12.01,12.01,12.01,12.01,0
1584,2023-08-21,12.01,12.01,12.01,12.01,0
1585,2023-08-22,12.01,12.01,12.01,12.01,0
1586,2023-08-23,12.19,13.06,12.19,13.06,1002
1587,2023-08-24,12.62,12.62,12.62,12.62,0
1588,2023-08-25,12.62,12.62,12.62,12.62,0
1589,2023-08-28,12.62,12.62,12.62,12.62,0
1590,2023-08-29,12.62,12.62,12.62,12.62,0
1591,2023-08-30,12.62,12.62,12.62,12.62,0
1592,2023-08-31,12.62,12.62,12.62,12.62,0
1593,2023-09-05,12.62,12.62,12.62,12.62,0
1594,2023-09-06,12.62,12.62,12.62,12.62,0
1595,2023-09-07,12.62,12.62,12.62,12.62,0
1596,2023-09-08,12.62,12.62,12.62,12.62,0
1597,2023-09-11,12.62,12.62,12.62,12.62,0
1598,2023-09-12,12.15,12.15,11.22,11.22,1000
1599,2023-09-13,11.59,11.59,11.59,11.59,0
1600,2023-09-14,11.59,11.59,11.59,11.59,0
1601,2023-09-15,11.59,11.59,11.59,11.59,0
1602,2023-09-18,11.59,11.59,11.59,11.59,0
1603,2023-09-19,11.59,11.59,11.59,11.59,0
1604,2023-09-20,11.59,11.59,11.59,11.59,0
1605,2023-09-21,11.59,11.59,11.59,11.59,0
1606,2023-09-22,11.59,11.59,11.59,11.59,0
1607,2023-09-25,11.59,11.59,11.59,11.59,0
1608,2023-09-26,11.59,11.59,11.59,11.59,0
1609,2023-09-27,11.59,11.59,11.59,11.59,0
1610,2023-09-28,11.59,11.59,11.59,11.59,0
1611,2023-09-29,11.59,11.59,11.59,11.59,0
1612,2023-10-02,11.59,11.59,11.59,11.59,0
1613,2023-10-03,11.59,11.59,11.59,11.59,0
1614,2023-10-04,11.59,11.59,11.59,11.59,0
1615,2023-10-05,11.59,11.59,11.59,11.59,0
1616,2023-10-06,11.59,11.59,11.59,11.59,0
1617,2023-10-09,11.59,11.59,11.59,11.59,0
1618,2023-10-10,11.59,11.59,11.59,11.59,0
1619,2023-10-11,11.59,11.59,11.59,11.59,0
1620,2023-10-12,11.59,11.59,11.59,11.59,0
1621,2023-10-13,11.59,11.59,11.59,11.59,0
1622,2023-10-16,11.59,11.59,11.59,11.59,0
1623,2023-10-17,11.59,11.59,11.59,11.59,0
1624,2023-10-18,11.59,11.59,11.59,11.59,0
1625,2023-10-19,11.59,11.59,11.59,11.59,0
1626,2023-10-20,11.59,11.59,11.59,11.59,0
1627,2023-10-23,11.59,11.59,11.59,11.59,0
1628,2023-10-24,11.59,11.59,11.59,11.59,0
1629,2023-10-25,11.59,11.59,11.59,11.59,0
1630,2023-10-26,11.59,11.59,11.59,11.59,0
1631,2023-10-27,11.59,11.59,11.59,11.59,0
1632,2023-10-30,11.59,11.59,11.59,11.59,0
1633,2023-10-31,11.59,11.59,11.59,11.59,0
1634,2023-11-01,11.59,11.59,11.59,11.59,0
1635,2023-11-02,11.59,11.59,11.59,11.59,0
1636,2023-11-03,11.59,11.59,11.59,11.59,0
1637,2023-11-06,11.59,11.59,11.59,11.59,0
1638,2023-11-07,11.59,11.59,11.59,11.59,0
1639,2023-11-08,11.59,11.59,11.59,11.59,0
1640,2023-11-09,11.59,11.59,11.59,11.59,0
1641,2023-11-10,11.59,11.59,11.59,11.59,0
1642,2023-11-13,11.59,11.59,11.59,11.59,0
1643,2023-11-14,11.59,11.59,11.59,11.59,0
1644,2023-11-15,11.59,11.59,11.59,11.59,0
1645,2023-11-16,11.59,11.59,11.59,11.59,0
1646,2023-11-17,11.59,11.59,11.59,11.59,0
1647,2023-11-20,11.59,11.59,11.59,11.59,0
1648,2023-11-21,11.59,11.59,11.59,11.59,0
1649,2023-11-22,11.59,11.59,11.59,11.59,0
1650,2023-11-23,11.59,11.59,11.59,11.59,0
1651,2023-11-24,11.59,11.59,11.59,11.59,0
1652,2023-11-27,11.59,11.59,11.59,11.59,0
1653,2023-11-28,11.59,11.59,11.59,11.59,0
1654,2023-11-29,11.59,11.59,11.59,11.59,0
1655,2023-11-30,8.41,8.41,8.41,8.41,200
1656,2023-12-01,8.41,8.41,8.41,8.41,0
1657,2023-12-04,8.41,8.41,8.41,8.41,0
1658,2023-12-05,8.41,8.41,8.41,8.41,0
1659,2023-12-06,8.41,8.41,8.41,8.41,0
1660,2023-12-07,8.41,8.41,8.41,8.41,0
1661,2023-12-08,8.41,8.41,8.41,8.41,0
1662,2023-12-11,8.41,8.41,8.41,8.41,0
1663,2023-12-12,9.63,9.63,9.63,9.63,301
1664,2023-12-13,9.63,9.63,9.63,9.63,0
1665,2023-12-14,9.63,9.63,9.63,9.63,0
1666,2023-12-15,9.63,9.63,9.63,9.63,0
1667,2023-12-18,9.63,9.63,9.63,9.63,0
1668,2023-12-19,9.63,9.63,9.63,9.63,0
1669,2023-12-20,9.63,9.63,9.63,9.63,0
1670,2023-12-21,9.63,9.63,9.63,9.63,0
1671,2023-12-22,9.35,9.35,9.35,9.35,56200
1672,2023-12-25,9.35,9.35,9.35,9.35,0
1673,2023-12-26,9.35,9.35,9.35,9.35,0
1674,2023-12-27,9.35,9.35,9.35,9.35,0
1675,2023-12-28,9.35,9.35,9.35,9.35,0
1676,2023-12-29,9.35,9.35,9.35,9.35,0
1677,2024-01-02,9.35,9.35,9.35,9.35,0
1678,2024-01-03,9.35,9.35,9.35,9.35,100
1679,2024-01-04,9.35,9.35,9.35,9.35,0
1680,2024-01-05,9.35,9.35,9.35,9.35,61
1681,2024-01-08,7.95,7.95,7.95,7.95,100
1682,2024-01-09,7.95,7.95,7.95,7.95,0
1683,2024-01-10,7.95,7.95,7.95,7.95,0
1684,2024-01-11,6.82,6.82,6.82,6.82,100
1685,2024-01-12,6.82,6.82,6.82,6.82,0
1686,2024-01-15,6.82,6.82,6.82,6.82,0
1687,2024-01-16,5.98,5.98,5.98,5.98,100
1688,2024-01-17,5.98,5.98,5.98,5.98,0
1689,2024-01-18,5.98,5.98,5.98,5.98,0
1690,2024-01-19,5.98,5.98,5.98,5.98,0
1691,2024-01-22,5.98,5.98,5.98,5.98,0
1692,2024-01-23,5.98,5.98,5.98,5.98,0
1693,2024-01-24,5.98,5.98,5.98,5.98,0
1694,2024-01-25,5.98,5.98,5.98,5.98,0
1695,2024-01-26,5.98,5.98,5.98,5.98,0
1696,2024-01-29,5.98,5.98,5.98,5.98,0
1697,2024-01-30,5.98,5.98,5.98,5.98,0
1698,2024-01-31,5.98,5.98,5.98,5.98,0
1699,2024-02-01,5.98,5.98,5.98,5.98,0
1700,2024-02-02,5.98,5.98,5.98,5.98,0
1701,2024-02-05,5.98,5.98,5.98,5.98,0
1702,2024-02-06,5.98,5.98,5.98,5.98,0
1703,2024-02-07,5.98,5.98,5.98,5.98,0
1704,2024-02-15,5.98,5.98,5.98,5.98,0
1705,2024-02-16,5.98,5.98,5.98,5.98,1
1706,2024-02-19,5.98,5.98,5.98,5.98,0
1707,2024-02-20,5.98,5.98,5.98,5.98,0
1708,2024-02-21,5.98,5.98,5.98,5.98,0
1709,2024-02-22,5.98,5.98,5.98,5.98,0
1710,2024-02-23,5.98,5.98,5.98,5.98,0
1711,2024-02-26,5.98,5.98,5.98,5.98,0
1712,2024-02-27,5.98,5.98,5.98,5.98,0
1713,2024-02-28,5.98,5.98,5.98,5.98,0
1714,2024-02-29,5.98,5.98,5.98,5.98,0
1715,2024-03-01,5.98,5.98,5.98,5.98,1
1716,2024-03-04,5.98,5.98,5.98,5.98,0
1717,2024-03-05,6.82,6.82,6.82,6.82,100
1718,2024-03-06,7.76,7.76,7.76,7.76,100
1719,2024-03-07,7.76,7.76,7.76,7.76,61
1720,2024-03-08,7.76,7.76,7.76,7.76,0
1721,2024-03-11,7.76,7.76,7.76,7.76,0
1722,2024-03-12,7.76,7.76,7.76,7.76,0
1723,2024-03-13,7.76,7.76,7.76,7.76,0
1724,2024-03-14,7.76,7.76,7.76,7.76,0
1725,2024-03-15,8.88,8.88,8.88,8.88,100
1726,2024-03-18,8.97,8.97,8.97,8.97,102
1727,2024-03-19,8.97,8.97,8.97,8.97,1000
1728,2024-03-20,8.97,8.97,8.97,8.97,0
1729,2024-03-21,9.91,10.28,9.91,10.28,2400
1730,2024-03-22,8.79,8.79,8.79,8.79,100
1731,2024-03-25,8.04,10.1,8.04,9.44,3001
1732,2024-03-26,9.54,9.54,9.54,9.54,1200
1733,2024-03-27,10.19,10.19,10.19,10.19,100
1734,2024-03-28,11.59,11.59,10.66,10.66,700
1735,2024-03-29,12.34,12.34,10.75,10.75,500
1736,2024-04-01,10.75,10.75,10.75,10.75,824
1737,2024-04-02,10.75,10.75,10.75,10.75,0
1738,2024-04-03,10.66,10.66,10.66,10.66,300
1739,2024-04-04,10.66,10.66,10.66,10.66,0
1740,2024-04-05,12.25,12.25,12.25,12.25,136
1741,2024-04-08,10.47,10.47,10.47,10.47,800
1742,2024-04-09,10.47,10.47,10.47,10.47,0
1743,2024-04-10,10.47,10.47,10.47,10.47,0
1744,2024-04-11,8.97,8.97,8.97,8.97,100
1745,2024-04-12,9.54,9.54,9.54,9.54,100
1746,2024-04-15,9.54,9.54,9.54,9.54,0
1747,2024-04-16,8.32,8.32,8.32,8.32,102
1748,2024-04-17,9.54,9.54,9.54,9.54,1100
1749,2024-04-19,9.54,9.54,9.54,9.54,201
1750,2024-04-22,9.54,9.54,9.54,9.54,0
1751,2024-04-23,9.54,9.54,9.54,9.54,0
1752,2024-04-24,10.19,10.19,10.19,10.19,100
1753,2024-04-25,11.69,11.69,11.69,11.69,100
1754,2024-04-26,11.69,11.69,11.69,11.69,0
1755,2024-05-02,11.69,11.69,11.69,11.69,0
1756,2024-05-03,10.0,10.0,10.0,10.0,500
1757,2024-05-06,9.35,9.35,9.35,9.35,300
1758,2024-05-07,10.19,10.19,10.19,10.19,100
1759,2024-05-08,10.19,10.19,10.19,10.19,34
1760,2024-05-09,11.69,11.69,10.19,10.19,1101
1761,2024-05-10,10.28,10.28,10.28,10.28,0
1762,2024-05-13,10.28,10.28,10.28,10.28,0
1763,2024-05-14,10.28,10.28,10.28,10.28,0
1764,2024-05-15,10.28,10.28,10.28,10.28,0
1765,2024-05-16,10.28,10.28,10.28,10.28,0
1766,2024-05-17,10.28,10.28,10.28,10.28,0
1767,2024-05-20,10.28,10.28,10.28,10.28,0
1768,2024-05-21,10.28,10.28,10.28,10.28,0
1769,2024-05-22,8.88,8.88,8.88,8.88,200
1770,2024-05-23,8.88,8.88,8.88,8.88,300
1771,2024-05-24,7.76,7.76,7.76,7.76,100
1772,2024-05-27,8.88,8.88,8.88,8.88,100
1773,2024-05-28,9.35,9.35,9.35,9.35,1500
1774,2024-05-29,9.35,9.35,9.35,9.35,2
1775,2024-05-30,9.35,9.35,9.35,9.35,0
1776,2024-05-31,9.35,9.35,9.35,9.35,0
1777,2024-06-03,10.1,10.1,10.1,10.1,100
1778,2024-06-04,10.1,10.1,10.1,10.1,0
1779,2024-06-05,11.03,11.03,11.03,11.03,100
1780,2024-06-06,10.28,10.28,10.28,10.28,500
1781,2024-06-07,10.28,10.28,10.28,10.28,0
1782,2024-06-10,10.28,10.28,10.28,10.28,14
1783,2024-06-11,10.28,10.28,10.28,10.28,0
1784,2024-06-12,10.28,10.28,10.28,10.28,0
1785,2024-06-13,10.28,10.28,10.28,10.28,0
1786,2024-06-14,10.28,10.28,10.28,10.28,0
1787,2024-06-17,10.28,10.28,10.28,10.28,0
1788,2024-06-18,8.79,10.28,8.79,10.28,2301
1789,2024-06-19,10.94,11.03,10.94,11.03,1200
1790,2024-06-20,9.44,12.53,9.44,12.53,2400
1791,2024-06-21,12.15,12.15,12.15,12.15,0
1792,2024-06-24,12.15,12.15,12.15,12.15,215
1793,2024-06-25,12.15,12.15,12.15,12.15,0
1794,2024-06-26,12.15,12.15,12.15,12.15,1
1795,2024-06-27,12.15,12.15,12.15,12.15,0
1796,2024-06-28,12.15,12.15,12.15,12.15,0
1797,2024-07-01,12.15,12.15,12.15,12.15,0
1798,2024-07-02,12.15,12.15,12.15,12.15,0
1799,2024-07-03,12.15,12.15,12.15,12.15,0
1800,2024-07-04,12.15,12.15,12.15,12.15,0
1801,2024-07-05,12.15,12.15,12.15,12.15,0
1802,2024-07-08,12.15,12.15,12.15,12.15,0
1803,2024-07-09,12.15,12.15,12.15,12.15,0
1804,2024-07-10,12.15,12.15,12.15,12.15,0
1805,2024-07-11,12.15,12.15,12.15,12.15,0
1806,2024-07-12,12.15,12.15,12.15,12.15,0
1807,2024-07-15,12.15,12.15,12.15,12.15,1
1808,2024-07-16,12.15,12.15,12.15,12.15,0
1809,2024-07-17,12.15,12.15,12.15,12.15,0
1810,2024-07-18,12.15,12.15,12.15,12.15,0
1811,2024-07-19,12.15,12.15,12.15,12.15,0
1812,2024-07-22,12.15,12.15,12.15,12.15,0
1813,2024-07-23,12.15,12.15,12.15,12.15,0
1814,2024-07-24,12.15,12.15,12.15,12.15,0
1815,2024-07-25,12.15,12.15,12.15,12.15,0
1816,2024-07-26,12.15,12.15,12.15,12.15,0
1817,2024-07-29,12.15,12.15,12.15,12.15,0
1818,2024-07-30,12.15,12.15,12.15,12.15,0
1819,2024-07-31,12.15,12.15,12.15,12.15,0
1820,2024-08-01,12.15,12.15,12.15,12.15,0
1821,2024-08-02,12.15,12.15,12.15,12.15,0
1822,2024-08-05,12.15,12.15,12.15,12.15,0
1823,2024-08-06,12.15,12.15,12.15,12.15,0
1824,2024-08-07,12.15,12.15,12.15,12.15,0
1825,2024-08-08,12.15,12.15,12.15,12.15,0
1826,2024-08-09,12.15,12.15,12.15,12.15,0
1827,2024-08-12,12.15,12.15,12.15,12.15,0
1828,2024-08-13,12.15,12.15,12.15,12.15,200
1829,2024-08-14,12.15,12.15,12.15,12.15,0
1830,2024-08-15,12.15,12.15,12.15,12.15,0
1831,2024-08-16,12.15,12.15,12.15,12.15,0
1832,2024-08-19,12.15,12.15,12.15,12.15,0
1833,2024-08-20,12.15,12.15,12.15,12.15,11
1834,2024-08-21,12.15,12.15,12.15,12.15,0
1835,2024-08-22,12.15,12.15,12.15,12.15,77
1836,2024-08-23,12.15,12.15,12.15,12.15,0
1837,2024-08-26,12.15,12.15,12.15,12.15,0
1838,2024-08-27,12.15,12.15,12.15,12.15,0
1839,2024-08-28,12.15,12.15,12.15,12.15,0
1840,2024-08-29,12.15,12.15,12.15,12.15,0
1841,2024-08-30,12.15,12.15,12.15,12.15,0
1842,2024-09-04,12.15,12.15,12.15,12.15,25
1843,2024-09-05,12.15,12.15,12.15,12.15,0
1844,2024-09-06,12.15,12.15,12.15,12.15,0
1845,2024-09-09,12.15,12.15,12.15,12.15,0
1846,2024-09-10,12.15,12.15,12.15,12.15,0
1847,2024-09-11,12.15,12.15,12.15,12.15,0
1848,2024-09-12,12.15,12.15,12.15,12.15,0
1849,2024-09-13,12.15,12.15,12.15,12.15,1
1850,2024-09-16,12.15,12.15,12.15,12.15,0
1851,2024-09-17,12.15,12.15,12.15,12.15,0
1852,2024-09-18,12.15,12.15,12.15,12.15,0
1853,2024-09-19,12.15,12.15,12.15,12.15,0
1854,2024-09-20,12.15,12.15,12.15,12.15,0
1855,2024-09-23,12.15,12.15,12.15,12.15,0
1856,2024-09-24,12.15,12.15,12.15,12.15,0
1857,2024-09-25,12.15,12.15,12.15,12.15,0
1858,2024-09-26,12.15,12.15,12.15,12.15,0
1859,2024-09-27,12.15,12.15,12.15,12.15,0
1860,2024-09-30,12.15,12.15,12.15,12.15,0
1861,2024-10-01,12.15,12.15,12.15,12.15,0
1862,2024-10-02,12.15,12.15,12.15,12.15,0
1863,2024-10-03,12.15,12.15,12.15,12.15,0
1864,2024-10-04,12.15,12.15,12.15,12.15,0
1865,2024-10-07,12.15,12.15,12.15,12.15,0
1866,2024-10-08,12.15,12.15,12.15,12.15,0
1867,2024-10-09,12.15,12.15,12.15,12.15,0
1868,2024-10-10,12.15,12.15,12.15,12.15,0
1869,2024-10-11,12.15,12.15,12.15,12.15,0
1870,2024-10-14,12.15,12.15,12.15,12.15,0
1871,2024-10-15,12.15,12.15,12.15,12.15,0
1872,2024-10-16,12.15,12.15,12.15,12.15,0
1873,2024-10-17,12.15,12.15,12.15,12.15,0
1874,2024-10-18,12.15,12.15,12.15,12.15,0
1875,2024-10-21,12.15,12.15,12.15,12.15,0
1876,2024-10-22,7.66,7.66,7.66,7.66,100
1877,2024-10-23,7.66,7.66,7.66,7.66,54
1878,2024-10-24,7.66,7.66,7.66,7.66,0
1879,2024-10-25,7.66,7.66,7.66,7.66,0
1880,2024-10-28,7.66,7.66,7.66,7.66,0
1881,2024-10-29,7.66,7.66,7.66,7.66,0
1882,2024-10-30,8.8,8.8,8.8,8.8,100
1883,2024-10-31,10.05,10.05,10.05,10.05,600
1884,2024-11-01,10.05,10.05,10.05,10.05,4
1885,2024-11-04,10.05,10.05,10.05,10.05,0
1886,2024-11-05,10.05,10.05,10.05,10.05,0
1887,2024-11-06,10.05,10.05,10.05,10.05,0
1888,2024-11-07,10.05,10.05,10.05,10.05,0
1889,2024-11-08,10.05,10.05,10.05,10.05,0
1890,2024-11-11,10.05,10.05,10.05,10.05,0
1891,2024-11-12,10.05,10.05,10.05,10.05,0
1892,2024-11-13,10.05,10.05,10.05,10.05,0
1893,2024-11-14,10.05,10.05,10.05,10.05,0
1894,2024-11-15,10.05,10.05,10.05,10.05,0
1895,2024-11-18,10.05,10.05,10.05,10.05,0
1896,2024-11-19,10.05,10.05,10.05,10.05,0
1897,2024-11-20,10.05,10.05,10.05,10.05,0
1898,2024-11-21,10.05,10.05,10.05,10.05,0
1899,2024-11-22,10.05,10.05,10.05,10.05,0
1900,2024-11-25,10.05,10.05,10.05,10.05,0
1901,2024-11-26,10.05,10.05,10.05,10.05,0
1902,2024-11-27,10.05,10.05,10.05,10.05,0
1903,2024-11-28,10.05,10.05,10.05,10.05,0
1904,2024-11-29,10.05,10.05,10.05,10.05,1
1905,2024-12-02,10.05,10.05,10.05,10.05,0
1906,2024-12-03,10.05,10.05,10.05,10.05,0
1907,2024-12-04,10.05,10.05,10.05,10.05,0
1908,2024-12-05,10.05,10.05,10.05,10.05,0
1909,2024-12-06,10.05,10.05,10.05,10.05,4
1910,2024-12-09,10.05,10.05,10.05,10.05,0
1911,2024-12-10,10.05,10.05,10.05,10.05,0
1912,2024-12-11,10.05,10.05,10.05,10.05,0
1913,2024-12-12,10.05,10.05,10.05,10.05,0
1914,2024-12-13,10.05,10.05,10.05,10.05,0
1915,2024-12-16,10.05,10.05,10.05,10.05,0
1916,2024-12-17,10.05,10.05,10.05,10.05,0
1917,2024-12-18,10.05,10.05,10.05,10.05,0
1918,2024-12-19,10.05,10.05,10.05,10.05,0
1919,2024-12-20,10.05,10.05,10.05,10.05,0
1920,2024-12-23,10.05,10.05,10.05,10.05,0
1921,2024-12-24,10.05,10.05,10.05,10.05,0
1922,2024-12-25,10.05,10.05,10.05,10.05,0
1923,2024-12-26,10.05,10.05,10.05,10.05,0
1924,2024-12-27,10.05,10.05,10.05,10.05,0
1925,2024-12-30,10.05,10.05,10.05,10.05,0
1926,2024-12-31,10.05,10.05,10.05,10.05,0
1927,2025-01-02,10.05,10.05,10.05,10.05,0
1928,2025-01-03,10.05,10.05,10.05,10.05,0
1929,2025-01-06,10.05,10.05,10.05,10.05,0
1930,2025-01-07,10.05,10.05,10.05,10.05,0
1931,2025-01-08,10.05,10.05,10.05,10.05,0
1932,2025-01-09,10.05,10.05,10.05,10.05,0
1933,2025-01-10,10.05,10.05,10.05,10.05,0
1934,2025-01-13,10.05,10.05,10.05,10.05,0
1935,2025-01-14,10.05,10.05,10.05,10.05,0
1936,2025-01-15,10.05,10.05,10.05,10.05,0
1937,2025-01-16,10.05,10.05,10.05,10.05,0
1938,2025-01-17,10.05,10.05,10.05,10.05,0
1939,2025-01-20,10.05,10.05,10.05,10.05,0
1940,2025-01-21,10.05,10.05,10.05,10.05,0
1941,2025-01-22,10.05,10.05,10.05,10.05,0
1942,2025-01-23,10.05,10.05,10.05,10.05,0
1943,2025-01-24,10.05,10.05,10.05,10.05,0
1944,2025-02-03,10.05,10.05,10.05,10.05,0
1945,2025-02-04,10.05,10.05,10.05,10.05,0
1946,2025-02-05,10.05,10.05,10.05,10.05,0
1947,2025-02-06,10.05,10.05,10.05,10.05,0
1948,2025-02-07,10.05,10.05,10.05,10.05,0
1949,2025-02-10,10.05,10.05,10.05,10.05,0
1950,2025-02-11,10.05,10.05,10.05,10.05,0
1951,2025-02-12,10.05,10.05,10.05,10.05,0
1952,2025-02-13,10.05,10.05,10.05,10.05,0
1953,2025-02-14,10.05,10.05,10.05,10.05,0
1954,2025-02-17,10.05,10.05,10.05,10.05,0
1955,2025-02-18,10.05,10.05,10.05,10.05,0
1956,2025-02-19,10.05,10.05,10.05,10.05,0
1957,2025-02-20,10.05,10.05,10.05,10.05,0
1958,2025-02-21,10.05,10.05,10.05,10.05,0
1959,2025-02-24,10.53,10.53,10.53,10.53,500
1960,2025-02-25,10.53,10.53,10.53,10.53,0
1961,2025-02-26,10.53,10.53,10.53,10.53,0
1962,2025-02-27,10.53,10.53,10.53,10.53,0
1963,2025-02-28,10.53,10.53,10.53,10.53,0
1964,2025-03-03,10.53,10.53,10.53,10.53,0
1965,2025-03-04,10.53,10.53,10.53,10.53,0
1966,2025-03-05,10.53,10.53,10.53,10.53,0
1967,2025-03-06,10.53,10.53,10.53,10.53,0
1968,2025-03-07,10.53,10.53,10.53,10.53,0
1969,2025-03-10,10.53,10.53,10.53,10.53,0
1970,2025-03-11,10.53,10.53,10.53,10.53,0
1971,2025-03-12,10.53,10.53,10.53,10.53,0
1972,2025-03-13,10.53,10.53,10.53,10.53,0
1973,2025-03-14,10.53,10.53,10.53,10.53,500
1974,2025-03-17,10.53,10.53,10.53,10.53,0
1975,2025-03-18,10.53,10.53,10.53,10.53,0
1976,2025-03-19,10.53,10.53,10.53,10.53,0
1977,2025-03-20,10.53,10.53,10.53,10.53,0
1978,2025-03-21,10.53,10.53,10.53,10.53,0
1979,2025-03-24,10.53,10.53,10.53,10.53,0
1980,2025-03-25,10.53,10.53,10.53,10.53,0
1981,2025-03-26,10.53,10.53,10.53,10.53,0
1982,2025-03-27,10.53,10.53,10.53,10.53,0
1983,2025-03-28,10.53,10.53,10.53,10.53,0
1984,2025-03-31,10.53,10.53,10.53,10.53,0
1985,2025-04-01,10.53,10.53,10.53,10.53,0
1986,2025-04-02,10.53,10.53,10.53,10.53,0
1987,2025-04-03,10.53,10.53,10.53,10.53,0
1988,2025-04-04,10.53,10.53,10.53,10.53,0
1989,2025-04-08,10.53,10.53,10.53,10.53,0
1990,2025-04-09,10.53,10.53,10.53,10.53,0
1991,2025-04-10,10.53,10.53,10.53,10.53,0
1992,2025-04-11,10.53,10.53,10.53,10.53,9
1993,2025-04-14,10.53,10.53,10.53,10.53,0
1994,2025-04-15,10.53,10.53,10.53,10.53,0
1995,2025-04-16,10.53,10.53,10.53,10.53,0
1996,2025-04-17,10.53,10.53,10.53,10.53,0
1997,2025-04-18,10.53,10.53,10.53,10.53,0
1998,2025-04-21,10.53,10.53,10.53,10.53,0
1999,2025-04-22,10.53,10.53,10.53,10.53,0
2000,2025-04-23,10.53,10.53,10.53,10.53,0
2001,2025-04-24,10.53,10.53,10.53,10.53,300
2002,2025-04-25,10.53,10.53,10.53,10.53,0
2003,2025-04-28,10.53,10.53,10.53,10.53,0
2004,2025-04-29,10.53,10.53,10.53,10.53,0
2005,2025-05-05,10.53,10.53,10.53,10.53,0
2006,2025-05-06,12.06,12.06,12.06,12.06,1501
2007,2025-05-07,12.92,12.92,12.92,12.92,4800
2008,2025-05-08,12.92,12.92,12.92,12.92,56
2009,2025-05-09,12.92,12.92,12.92,12.92,0
2010,2025-05-12,12.92,12.92,12.92,12.92,0
2011,2025-05-13,12.92,12.92,12.44,12.44,2000
2012,2025-05-14,14.36,14.55,14.36,14.55,10000
2013,2025-05-15,14.45,14.45,14.45,14.45,102
2014,2025-05-16,14.45,14.45,14.45,14.45,0
2015,2025-05-19,14.45,14.45,14.45,14.45,2
2016,2025-05-20,14.45,14.45,14.45,14.45,0
2017,2025-05-21,12.63,12.63,12.63,12.63,200
2018,2025-05-22,12.63,12.63,12.63,12.63,0
2019,2025-05-23,12.63,12.63,12.63,12.63,1
2020,2025-05-26,12.63,12.63,12.63,12.63,0
2021,2025-05-27,12.63,12.63,12.63,12.63,0
2022,2025-05-28,12.63,12.63,12.63,12.63,0
2023,2025-05-29,12.63,12.63,12.63,12.63,0
2024,2025-05-30,12.63,12.63,12.63,12.63,0
2025,2025-06-02,12.63,12.63,12.63,12.63,0
2026,2025-06-03,12.63,12.63,12.63,12.63,0
2027,2025-06-04,14.45,14.45,14.45,14.45,200
2028,2025-06-05,14.5,14.5,14.5,14.5,1
2029,2025-06-06,14.5,14.5,14.5,14.5,0
2030,2025-06-09,14.5,14.5,14.5,14.5,0
2031,2025-06-10,14.5,14.5,14.5,14.5,57
2032,2025-06-11,14.5,14.5,14.5,14.5,0
2033,2025-06-12,14.5,14.5,14.5,14.5,0
2034,2025-06-13,14.5,14.5,14.5,14.5,0
2035,2025-06-16,14.5,14.5,14.5,14.5,0
2036,2025-06-17,14.5,14.5,14.5,14.5,0
2037,2025-07-14,14.6,14.6,14.6,14.6,100
2038,2025-07-16,13.2,13.2,13.2,13.2,100
2039,2025-07-22,14.0,14.0,14.0,14.0,100
2040,2025-07-23,14.9,14.9,14.9,14.9,7900
2041,2025-07-29,15.0,15.0,15.0,15.0,77600
2042,2025-08-05,14.0,14.0,14.0,14.0,3600
2043,2025-08-06,14.0,14.0,14.0,14.0,600
2044,2025-08-22,14.2,14.2,14.2,14.2,4100
2045,2025-09-04,14.2,14.2,14.2,14.2,1500
2046,2025-09-09,16.2,16.2,16.2,16.2,500
2047,2025-09-16,16.5,16.5,16.5,16.5,4000
2048,2025-09-17,14.2,14.2,14.2,14.2,100
2049,2025-09-18,15.0,16.3,15.0,16.3,13300
2050,2025-10-01,16.2,16.2,16.2,16.2,300
2051,2025-10-08,18.1,18.1,18.1,18.1,500
2052,2025-10-09,20.8,20.8,20.8,20.8,1000
2053,2025-10-10,23.9,23.9,23.9,23.9,1400
